BEGIN TRANSACTION;
CREATE TABLE IF NOT EXISTS "migrations" (
	"id"	integer NOT NULL,
	"migration"	varchar NOT NULL,
	"batch"	integer NOT NULL,
	PRIMARY KEY("id" AUTOINCREMENT)
);
CREATE TABLE IF NOT EXISTS "users" (
	"id"	integer NOT NULL,
	"name"	varchar NOT NULL,
	"email"	varchar NOT NULL,
	"email_verified_at"	datetime,
	"password"	varchar NOT NULL,
	"remember_token"	varchar,
	"created_at"	datetime,
	"updated_at"	datetime,
	PRIMARY KEY("id" AUTOINCREMENT)
);
CREATE TABLE IF NOT EXISTS "password_resets" (
	"email"	varchar NOT NULL,
	"token"	varchar NOT NULL,
	"created_at"	datetime
);
CREATE TABLE IF NOT EXISTS "failed_jobs" (
	"id"	integer NOT NULL,
	"uuid"	varchar NOT NULL,
	"connection"	text NOT NULL,
	"queue"	text NOT NULL,
	"payload"	text NOT NULL,
	"exception"	text NOT NULL,
	"failed_at"	datetime NOT NULL DEFAULT CURRENT_TIMESTAMP,
	PRIMARY KEY("id" AUTOINCREMENT)
);
CREATE TABLE IF NOT EXISTS "personal_access_tokens" (
	"id"	integer NOT NULL,
	"tokenable_type"	varchar NOT NULL,
	"tokenable_id"	integer NOT NULL,
	"name"	varchar NOT NULL,
	"token"	varchar NOT NULL,
	"abilities"	text,
	"last_used_at"	datetime,
	"created_at"	datetime,
	"updated_at"	datetime,
	PRIMARY KEY("id" AUTOINCREMENT)
);
CREATE TABLE IF NOT EXISTS "categories" (
	"id"	integer NOT NULL,
	"name"	varchar NOT NULL,
	"slug"	varchar NOT NULL,
	"created_at"	datetime,
	"updated_at"	datetime,
	PRIMARY KEY("id" AUTOINCREMENT)
);
CREATE TABLE IF NOT EXISTS "drinks" (
	"id"	integer NOT NULL,
	"name"	varchar NOT NULL,
	"glass"	varchar NOT NULL,
	"method_id"	integer NOT NULL,
	"category_id"	integer NOT NULL,
	"garnish"	varchar,
	"created_at"	datetime,
	"updated_at"	datetime,
	PRIMARY KEY("id" AUTOINCREMENT),
	FOREIGN KEY("category_id") REFERENCES "categories"("id"),
	FOREIGN KEY("method_id") REFERENCES "methods"("id")
);
CREATE TABLE IF NOT EXISTS "ingredients" (
	"id"	integer NOT NULL,
	"additional"	varchar,
	"amount"	varchar,
	"name"	varchar NOT NULL,
	"drink_id"	integer NOT NULL,
	"created_at"	datetime,
	"updated_at"	datetime,
	PRIMARY KEY("id" AUTOINCREMENT),
	FOREIGN KEY("drink_id") REFERENCES "drinks"("id")
);
CREATE TABLE IF NOT EXISTS "methods" (
	"id"	integer NOT NULL,
	"method"	varchar NOT NULL,
	"created_at"	datetime,
	"updated_at"	datetime,
	PRIMARY KEY("id" AUTOINCREMENT)
);
INSERT INTO "migrations" ("id","migration","batch") VALUES (1,'2014_10_12_000000_create_users_table',1),
 (2,'2014_10_12_100000_create_password_resets_table',1),
 (3,'2019_08_19_000000_create_failed_jobs_table',1),
 (4,'2019_12_14_000001_create_personal_access_tokens_table',1),
 (5,'2022_03_27_170953_create_categories_table',1),
 (6,'2022_03_27_171029_create_drinks_table',1),
 (7,'2022_03_27_171042_create_ingredients_table',1),
 (8,'2022_03_27_171054_create_methods_table',1);
INSERT INTO "users" ("id","name","email","email_verified_at","password","remember_token","created_at","updated_at") VALUES (1,'Robert','robert@rjmchicago.com',NULL,'$2y$10$j66xpN5QCV2CuIER84OI2.0aes2O/DKvPWqUmqtoutVwY7WneZO9e',NULL,'2023-04-02 08:14:46','2023-04-02 08:14:46');
INSERT INTO "categories" ("id","name","slug","created_at","updated_at") VALUES (1,'Shots & Shooters','shots-shooters','2022-07-22 08:06:17','2022-07-22 08:06:17'),
 (2,'Tropicals & Exotics','tropicals-exotics','2022-07-22 08:06:17','2022-07-22 08:06:17'),
 (3,'After Dinner','after-dinner','2022-07-22 08:06:17','2022-07-22 08:06:17'),
 (4,'Martinis & Manhattans','martinis-manhattans','2022-07-22 08:06:17','2022-07-22 08:06:17'),
 (5,'Cream Drinks','cream-drinks','2022-07-22 08:06:17','2022-07-22 08:06:17'),
 (6,'Highballs','highballs','2022-07-22 08:06:17','2022-07-22 08:06:17'),
 (7,'Classic Cocktails','classic-cocktails','2022-07-22 08:06:17','2022-07-22 08:06:17'),
 (8,'Vintage Cocktails','vintage-cocktails','2022-07-22 08:06:17','2022-07-22 08:06:17'),
 (9,'Muddled Coctails','muddled-coctails','2022-07-22 08:06:17','2022-07-22 08:06:17'),
 (10,'Iced Teas & Lemonades','iced-teas-lemonades','2022-07-22 08:06:17','2022-07-22 08:06:17'),
 (11,'Long Sours','long-sours','2022-07-22 08:06:17','2022-07-22 08:06:17'),
 (12,'Short Sours','short-sours','2022-07-22 08:06:17','2022-07-22 08:06:17'),
 (13,'Wine Drinks','wine-drinks','2022-07-22 08:06:17','2022-07-22 08:06:17'),
 (14,'Hot Drinks','hot-drinks','2022-07-22 08:06:17','2022-07-22 08:06:17'),
 (15,'Champagne Drinks','champagne-drinks','2022-07-22 08:06:17','2022-07-22 08:06:17'),
 (16,'Two Liquor Drinks','two-liquor-drinks','2022-07-22 08:06:17','2022-07-22 08:06:17');
INSERT INTO "drinks" ("id","name","glass","method_id","category_id","garnish","created_at","updated_at") VALUES (1,'Jolly Rancher','Shot',3,1,'None','2022-07-22 08:06:17','2022-07-22 08:06:17'),
 (2,'Prarie Fire','Shot',1,1,'None','2022-07-22 08:06:17','2022-07-22 08:06:17'),
 (3,'Quaalude','Shot',3,1,'None','2022-07-22 08:06:17','2022-07-22 08:06:17'),
 (4,'Brain','Shot',1,1,'None','2022-07-22 08:06:17','2022-07-22 08:06:17'),
 (5,'Bloody Brain','Shot',1,1,'None','2022-07-22 08:06:17','2022-07-22 08:06:17'),
 (6,'Lemon Drop','Shot',3,1,'Lemon Wedge Rolled in Sugar','2022-07-22 08:06:17','2022-07-22 08:06:17'),
 (7,'Bazooka Joe','Shot',3,1,'None','2022-07-22 08:06:17','2022-07-22 08:06:17'),
 (8,'Windex','Shot',3,1,'None','2022-07-22 08:06:17','2022-07-22 08:06:17'),
 (9,'Royal Butt','Shot',3,1,'None','2022-07-22 08:06:17','2022-07-22 08:06:17'),
 (10,'Blow Job','Shot glass on top of rocks glass',1,1,'None','2022-07-22 08:06:17','2022-07-22 08:06:17'),
 (11,'Muff Dive','Shot glass inside rocks glass',1,1,'None','2022-07-22 08:06:17','2022-07-22 08:06:17'),
 (12,'Orgasm','Shot',3,1,'None','2022-07-22 08:06:17','2022-07-22 08:06:17'),
 (13,'Multiple Orgasm','Shot',3,1,'None','2022-07-22 08:06:17','2022-07-22 08:06:17'),
 (14,'Three Wisemen','Shot',3,1,'None','2022-07-22 08:06:17','2022-07-22 08:06:17'),
 (15,'Four Horsemen','Shot',3,1,'None','2022-07-22 08:06:17','2022-07-22 08:06:17'),
 (16,'B & B','Snifter',1,3,'None','2022-07-22 08:06:17','2022-07-22 08:06:17'),
 (17,'Pina Colada','Collins',2,2,'Flag or Cherry','2022-07-22 08:06:17','2022-07-22 08:06:17'),
 (18,'P B & J','Shot',3,1,'None','2022-07-22 08:06:17','2022-07-22 08:06:17'),
 (19,'Jellybean','Shot',3,1,'None','2022-07-22 08:06:17','2022-07-22 08:06:17'),
 (20,'B-52 (KGB)','Shot',3,1,'None','2022-07-22 08:06:17','2022-07-22 08:06:17'),
 (21,'Incredible Hulk','Shot',3,1,'None','2022-07-22 08:06:17','2022-07-22 08:06:17'),
 (22,'Tequila Popper','Rocks',1,1,'None','2022-07-22 08:06:17','2022-07-22 08:06:17'),
 (23,'Melon Ball','Shot',3,1,'None','2022-07-22 08:06:17','2022-07-22 08:06:17'),
 (24,'Water Melon','Shot',3,1,'None','2022-07-22 08:06:17','2022-07-22 08:06:17'),
 (25,'Buttery Nipple','Shot',3,1,'None','2022-07-22 08:06:17','2022-07-22 08:06:17'),
 (26,'Snake Bite','Shot',3,1,'None','2022-07-22 08:06:17','2022-07-22 08:06:17'),
 (27,'Silk Panty','Shot',3,1,'None','2022-07-22 08:06:17','2022-07-22 08:06:17'),
 (28,'Mud Slide','Shot',3,1,'None','2022-07-22 08:06:17','2022-07-22 08:06:17'),
 (29,'Kool-Aid (Woo-Woo)','Shot',3,1,'None','2022-07-22 08:06:17','2022-07-22 08:06:17'),
 (30,'Sambuca Con Mosca','Snifter',1,3,'None','2022-07-22 08:06:17','2022-07-22 08:06:17'),
 (31,'Blue Hawaiian','Collins',2,2,'Flag or Cherry','2022-07-22 08:06:17','2022-07-22 08:06:17'),
 (32,'Oatmeal Cookies','Shot',3,1,'None','2022-07-22 08:06:17','2022-07-22 08:06:17'),
 (33,'Dead Nazi','Shot',3,1,'None','2022-07-22 08:06:17','2022-07-22 08:06:17'),
 (34,'Liquid Cocaine','Shot',3,1,'None','2022-07-22 08:06:17','2022-07-22 08:06:17'),
 (35,'Kamikaze','Shot',3,1,'None','2022-07-22 08:06:17','2022-07-22 08:06:17'),
 (36,'Killer Kool-Aid','Shot',3,1,'None','2022-07-22 08:06:17','2022-07-22 08:06:17'),
 (37,'Angel Tip','Pony or Snifter',4,3,'Cherry','2022-07-22 08:06:17','2022-07-22 08:06:17'),
 (38,'Surfer on Acid','Shot',3,1,'None','2022-07-22 08:06:17','2022-07-22 08:06:17'),
 (39,'Slippery Nipple','Shot',3,1,'None','2022-07-22 08:06:17','2022-07-22 08:06:17'),
 (40,'King Alphonse','Pony',4,3,'None','2022-07-22 08:06:17','2022-07-22 08:06:17'),
 (41,'Chocolate Cake','Shot',3,1,'Lemon Wedge Rolled in Sugar','2022-07-22 08:06:17','2022-07-22 08:06:17'),
 (42,'Screaming Orgasm','Shot',3,1,'None','2022-07-22 08:06:17','2022-07-22 08:06:17'),
 (43,'Screaming Multiple Orgasm','Shot',3,1,'None','2022-07-22 08:06:17','2022-07-22 08:06:17'),
 (44,'Purple Hooter','Shot',3,1,'None','2022-07-22 08:06:17','2022-07-22 08:06:17'),
 (45,'Grape Soda','Shot',3,1,'None','2022-07-22 08:06:17','2022-07-22 08:06:17'),
 (46,'Sex on the Beach','Shot',3,1,'None','2022-07-22 08:06:17','2022-07-22 08:06:17'),
 (47,'Pineapple Upside Down Cake','Shot',3,1,'None','2022-07-22 08:06:17','2022-07-22 08:06:17'),
 (48,'Mind Eraser','Rocks',1,1,'None','2022-07-22 08:06:17','2022-07-22 08:06:17'),
 (49,'Liquid Heroin','Shot',3,1,'None','2022-07-22 08:06:17','2022-07-22 08:06:17'),
 (50,'SpeedBall','Shot',3,1,'None','2022-07-22 08:06:17','2022-07-22 08:06:17'),
 (51,'Red Headed Slut','Shot',3,1,'None','2022-07-22 08:06:17','2022-07-22 08:06:17'),
 (52,'Zombie','Collins',2,2,'Flag or Cherry','2022-07-22 08:06:17','2022-07-22 08:06:17'),
 (53,'Mai Tai','Collins',2,2,'Flag or Cherry','2022-07-22 08:06:17','2022-07-22 08:06:17'),
 (54,'Hurricane','Collins',2,2,'Flag or Cherry','2022-07-22 08:06:17','2022-07-22 08:06:17'),
 (55,'Planters Punch','Collins',2,2,'Flag or Cherry','2022-07-22 08:06:17','2022-07-22 08:06:17'),
 (56,'Rum Runner','Collins',2,2,'Flag or Cherry','2022-07-22 08:06:17','2022-07-22 08:06:17'),
 (57,'Bahama Mama','Collins',2,2,'Flag or Cherry','2022-07-22 08:06:17','2022-07-22 08:06:17'),
 (58,'Scorpion','Collins',2,2,'Flag or Cherry','2022-07-22 08:06:17','2022-07-22 08:06:17'),
 (61,'Ruby','Cocktail',5,4,'None','2022-07-22 08:06:17','2022-07-22 08:06:17'),
 (62,'Lava Lamp','Cocktail',5,4,'None','2022-07-22 08:06:17','2022-07-22 08:06:17'),
 (63,'Cosmopolitan','Cocktail',5,4,'Lemon Twist','2022-07-22 08:06:17','2022-07-22 08:06:17'),
 (64,'Bay Breeze','Highball',1,6,'None','2022-07-22 08:06:17','2022-07-22 08:06:17'),
 (65,'Madras','Highball',1,6,'None','2022-07-22 08:06:17','2022-07-22 08:06:17'),
 (66,'Bocci Ball','Highball',1,6,'None','2022-07-22 08:06:17','2022-07-22 08:06:17'),
 (67,'Tootsie Roll','Highball',1,6,'None','2022-07-22 08:06:17','2022-07-22 08:06:17'),
 (68,'Bloody Mary','Highball',1,6,'Lime','2022-07-22 08:06:17','2022-07-22 08:06:17'),
 (69,'Slow Comfortable Screw','Collins',1,6,'None','2022-07-22 08:06:17','2022-07-22 08:06:17'),
 (70,'Fuzzy Navel','Highball',1,6,'None','2022-07-22 08:06:17','2022-07-22 08:06:17'),
 (71,'Turtle Martini','Cocktail',5,4,'None','2022-07-22 08:06:17','2022-07-22 08:06:17'),
 (72,'Comfortable Martini','Cocktail',5,4,'Lemon Twist','2022-07-22 08:06:17','2022-07-22 08:06:17'),
 (73,'Blue Maverick','Cocktail',5,4,'Cherry before pouring','2022-07-22 08:06:17','2022-07-22 08:06:17'),
 (74,'Banana split Martini','Cocktail',5,4,'Cherry','2022-07-22 08:06:17','2022-07-22 08:06:17'),
 (75,'Vesper','Cocktail',5,4,'Lemon Twist','2022-07-22 08:06:17','2022-07-22 08:06:17'),
 (76,'Mint Julep Martini','Cocktail',5,4,'Fresh Mint/Orange Rind Curl','2022-07-22 08:06:17','2022-07-22 08:06:17'),
 (77,'French Martini','Cocktail',5,4,'Cherry','2022-07-22 08:06:17','2022-07-22 08:06:17'),
 (78,'Negroni','Cocktail',5,4,'Lemon Twist','2022-07-22 08:06:17','2022-07-22 08:06:17'),
 (79,'Jack Rose','Cocktail',5,4,'lemon wedge','2022-07-22 08:06:17','2022-07-22 08:06:17'),
 (80,'Nicky Finn','Cocktail',5,4,'None','2022-07-22 08:06:17','2022-07-22 08:06:17'),
 (81,'Astoria','Cocktail',5,4,'None','2022-07-22 08:06:17','2022-07-22 08:06:17'),
 (82,'Pego Club Cocktail','Cocktail',5,4,'Cherry','2022-07-22 08:06:17','2022-07-22 08:06:17'),
 (84,'Harvey Wallbanger','Collins',1,6,'None','2022-07-22 08:06:17','2022-07-22 08:06:17'),
 (85,'Salty Dog','Highball',1,6,'None','2022-07-22 08:06:17','2022-07-22 08:06:17'),
 (86,'Tequila Sunrise','Highball',1,6,'None','2022-07-22 08:06:17','2022-07-22 08:06:17'),
 (87,'Slow Screw','Highball',1,6,'None','2022-07-22 08:06:17','2022-07-22 08:06:17'),
 (88,'Screw Up','Highball',1,6,'None','2022-07-22 08:06:17','2022-07-22 08:06:17'),
 (89,'Screw Driver','Highball',1,6,'None','2022-07-22 08:06:17','2022-07-22 08:06:17'),
 (90,'Cape Cod','Highball',1,6,'Lime','2022-07-22 08:06:17','2022-07-22 08:06:17'),
 (91,'Greyhound','Highball',1,6,'None','2022-07-22 08:06:17','2022-07-22 08:06:17'),
 (92,'Tequila Sunset','Collins',1,6,'None','2022-07-22 08:06:17','2022-07-22 08:06:17'),
 (93,'Sea Breeze','Highball',1,6,'None','2022-07-22 08:06:17','2022-07-22 08:06:17'),
 (94,'T-N-T','Highball',1,6,'Lime Squeeze','2022-07-22 08:06:17','2022-07-22 08:06:17'),
 (95,'Alabama Slammer','Collins',1,6,'None','2022-07-22 08:06:17','2022-07-22 08:06:17'),
 (96,'Cherry Cheesecake','Shot',3,1,'None','2022-07-22 08:06:17','2022-07-22 08:06:17'),
 (97,'Blue Tail Fly','Cocktail',2,5,'None','2022-07-22 08:06:17','2022-07-22 08:06:17'),
 (98,'Velvet Hammer','Cocktail',2,5,'None','2022-07-22 08:06:17','2022-07-22 08:06:17'),
 (99,'Purple Orchid','Cocktail',2,5,'None','2022-07-22 08:06:17','2022-07-22 08:06:17'),
 (100,'Ramos Gin Fizz','Goblet',2,8,'None','2022-07-22 08:06:17','2022-07-22 08:06:17'),
 (101,'Appletini','Coctail',5,4,'Lemon Twist','2022-07-22 08:06:17','2022-07-22 08:06:17'),
 (102,'Melon Martini','Cocktail',5,4,'Cherry','2022-07-22 08:06:17','2022-07-22 08:06:17'),
 (103,'Caramel Apple Martini','Cocktail',5,4,'None','2022-07-22 08:06:17','2022-07-22 08:06:17'),
 (104,'White Chocolate Martini','Coctail',5,4,'Cherry','2022-07-22 08:06:17','2022-07-22 08:06:17'),
 (105,'Chocolate Martini','Cocktail',5,4,'Cherry','2022-07-22 08:06:17','2022-07-22 08:06:17'),
 (106,'Black Martini','Cocktail',5,4,'Lemon Twist','2022-07-22 08:06:17','2022-07-22 08:06:17'),
 (107,'Manhattan','Cocktail',5,4,'Cherry','2022-07-22 08:06:17','2022-07-22 08:06:17'),
 (108,'Martini','Cocktail',5,4,'Olive','2022-07-22 08:06:17','2022-07-22 08:06:17'),
 (109,'Smokey Martini (Dusty)','Cocktail',5,4,'Lemon Twist','2022-07-22 08:06:17','2022-07-22 08:06:17'),
 (110,'Dirty Martini','Cocktail',5,4,'Olive','2022-07-22 08:06:17','2022-07-22 08:06:17'),
 (111,'Cement Mixer','Shot',1,1,'None','2022-07-22 08:06:17','2022-07-22 08:06:17'),
 (112,'Creamsicle or Dreamsicle','Cocktail',2,5,'None','2022-07-22 08:06:17','2022-07-22 08:06:17'),
 (113,'Colorado Bulldog','Highball',1,6,'None','2022-07-22 08:06:17','2022-07-22 08:06:17'),
 (114,'Smith & Kerns','Highball',1,6,'None','2022-07-22 08:06:17','2022-07-22 08:06:17'),
 (115,'Toasted Almond','Cocktail',2,5,'None','2022-07-22 08:06:17','2022-07-22 08:06:17'),
 (116,'Almond Joy','Cocktail',2,5,'None','2022-07-22 08:06:17','2022-07-22 08:06:17'),
 (117,'Pink Lady','Cocktail',2,5,'None','2022-07-22 08:06:17','2022-07-22 08:06:17'),
 (118,'Golden Cadillac','Cocktail',2,5,'None','2022-07-22 08:06:17','2022-07-22 08:06:17'),
 (119,'Banshee','Cocktail',2,5,'None','2022-07-22 08:06:17','2022-07-22 08:06:17'),
 (120,'Grasshopper','Cocktail',2,5,'None','2022-07-22 08:06:17','2022-07-22 08:06:17'),
 (121,'Paddy','Cocktail',5,4,'Cherry','2022-07-22 08:06:17','2022-07-22 08:06:17'),
 (122,'Pink Squirrel','Cocktail',2,5,'None','2022-07-22 08:06:17','2022-07-22 08:06:17'),
 (123,'Brandy Alexander','Cocktail',2,5,'Nutmeg','2022-07-22 08:06:17','2022-07-22 08:06:17'),
 (124,'Scotch & Soda','Highball',1,6,'None','2022-07-22 08:06:17','2022-07-22 08:06:17'),
 (125,'Highball','Highball',1,6,'Lemon Twist','2022-07-22 08:06:17','2022-07-22 08:06:17'),
 (126,'Rum & Coke','Highball',1,6,'None','2022-07-22 08:06:17','2022-07-22 08:06:17'),
 (127,'Cuba Libre','Highball',1,6,'Lime Squeeze','2022-07-22 08:06:17','2022-07-22 08:06:17'),
 (128,'Gin & Tonic','Highball',1,6,'Lime Squeeze','2022-07-22 08:06:17','2022-07-22 08:06:17'),
 (129,'7 & 7','Highball',1,6,'None','2022-07-22 08:06:17','2022-07-22 08:06:17'),
 (130,'Presbyterian','Highball',1,6,'Lemon Twist','2022-07-22 08:06:17','2022-07-22 08:06:17'),
 (131,'Whiskey & Water','Highball',1,6,'None','2022-07-22 08:06:17','2022-07-22 08:06:17'),
 (132,'Gibson','Cocktail',5,4,'Pearl Onion','2022-07-22 08:06:17','2022-07-22 08:06:17'),
 (133,'Dry Martini','Cocktail',5,4,'Olive','2022-07-22 08:06:17','2022-07-22 08:06:17'),
 (134,'Gimlet','Cocktail',5,8,'Lime Squeeze','2022-07-22 08:06:17','2022-07-22 08:06:17'),
 (135,'Dry Manhattan','Cocktail',5,4,'Olive','2022-07-22 08:06:17','2022-07-22 08:06:17'),
 (136,'Perfect Manhattan','Cocktail',5,4,'Lemon Twist','2022-07-22 08:06:17','2022-07-22 08:06:17'),
 (137,'Rob Roy','Cocktail',5,4,'Cherry','2022-07-22 08:06:17','2022-07-22 08:06:17'),
 (138,'Southern Comfort Manhattan','Cocktail',5,4,'Cherry','2022-07-22 08:06:17','2022-07-22 08:06:17'),
 (139,'Old Fashioned','Rocks',1,9,'Flag','2022-07-22 08:06:17','2022-07-22 08:06:17'),
 (140,'Long Beach Lemonade','Collins',2,10,'Lemon Wedge','2022-07-22 08:06:17','2022-07-22 08:06:17'),
 (141,'Mexican Glow Worm','Rocks',2,12,'None','2022-07-22 08:06:17','2022-07-22 08:06:17'),
 (142,'Joan Collins','Collins',2,11,'Cherry or Flag','2022-07-22 08:06:17','2022-07-22 08:06:17'),
 (143,'Sour Cocktail','Rocks',2,12,'Cherry or Flag','2022-07-22 08:06:17','2022-07-22 08:06:17'),
 (144,'Margarita','Rocks',2,12,'Lime','2022-07-22 08:06:17','2022-07-22 08:06:17'),
 (145,'Daiquiri','Rocks',2,12,'Lime','2022-07-22 08:06:17','2022-07-22 08:06:17'),
 (146,'Sky Blue Electric Lemonade','Collins',2,10,'Lemon Wedge','2022-07-22 08:06:17','2022-07-22 08:06:17'),
 (147,'Electric Lemonade','Collins',2,10,'Lenon Wedge','2022-07-22 08:06:17','2022-07-22 08:06:17'),
 (148,'Melon Margarita','Rocks',2,12,'Melon Ball or Lime','2022-07-22 08:06:17','2022-07-22 08:06:17'),
 (149,'Long Island Iced Tea','Collins',2,10,'Lemon Wedge','2022-07-22 08:06:17','2022-07-22 08:06:17'),
 (150,'John Collins','Collins',2,11,'Cherry or Flag','2022-07-22 08:06:17','2022-07-22 08:06:17'),
 (151,'Tom Collins','Collins',2,11,'Cherry or Flag','2022-07-22 08:06:17','2022-07-22 08:06:17'),
 (152,'Vodka Collins','Collins',2,11,'Cherry or Flag','2022-07-22 08:06:17','2022-07-22 08:06:17'),
 (153,'Pisco Sour','Rocks',2,12,'Cherry','2022-07-22 08:06:17','2022-07-22 08:06:17'),
 (154,'Bacardi Cocktail','Rocks',2,12,'Lime','2022-07-22 08:06:17','2022-07-22 08:06:17'),
 (155,'Sloe Gin Fizz','Collins',2,11,'Cherry or Flag','2022-07-22 08:06:17','2022-07-22 08:06:17'),
 (156,'Stone Sour','Rocks',2,12,'Cherry or Flag','2022-07-22 08:06:17','2022-07-22 08:06:17'),
 (157,'Blue Margarita','Rocks',2,12,'Lime','2022-07-22 08:06:17','2022-07-22 08:06:17'),
 (158,'White Wine Spritzer','Collins',1,13,'Lemon Twist','2022-07-22 08:06:17','2022-07-22 08:06:17'),
 (159,'Wine Cooler','Collins',1,13,'Lemon Twist','2022-07-22 08:06:17','2022-07-22 08:06:17'),
 (160,'Kir','Wine Glass',1,13,'Lemon Twist','2022-07-22 08:06:17','2022-07-22 08:06:17'),
 (161,'Kir Royale','Flute',1,15,'Lemon Twist','2022-07-22 08:06:17','2022-07-22 08:06:17'),
 (162,'Mimosa','Large Wine',1,15,'None','2022-07-22 08:06:17','2022-07-22 08:06:17'),
 (163,'Champagne Cocktail','Flute',1,15,'Lemon Twist','2022-07-22 08:06:17','2022-07-22 08:06:17'),
 (164,'Chicago','Collins',5,15,'None','2022-07-22 08:06:17','2022-07-22 08:06:17'),
 (165,'Nutty Irishman','Coffee Mug',1,14,'None','2022-07-22 08:06:17','2022-07-22 08:06:17'),
 (166,'Mexican Coffee','Coffee Mug',1,14,'None','2022-07-22 08:06:17','2022-07-22 08:06:17'),
 (167,'Jamaican Coffee','Coffee Mug',1,14,'None','2022-07-22 08:06:17','2022-07-22 08:06:17'),
 (168,'Irish Coffee','Coffee Mug',1,14,'None','2022-07-22 08:06:17','2022-07-22 08:06:17'),
 (169,'Spanish Coffee','Coffee Mug',1,14,'None','2022-07-22 08:06:17','2022-07-22 08:06:17'),
 (170,'Kioki Coffee','Coffee Mug',1,14,'None','2022-07-22 08:06:17','2022-07-22 08:06:17'),
 (171,'Bellini','Flute',1,15,'None','2022-07-22 08:06:17','2022-07-22 08:06:17'),
 (172,'Sweet Tart','Collins',2,11,'Flag','2022-07-22 08:06:17','2022-07-22 08:06:17'),
 (173,'French 75','Collins',2,11,'Cherry or Flag','2022-07-22 08:06:17','2022-07-22 08:06:17'),
 (174,'Twisted Tea','Collins',2,10,'Lemon Wedge','2022-07-22 08:06:17','2022-07-22 08:06:17'),
 (175,'Green Dragon','Rocks',1,16,'None','2022-07-22 08:06:17','2022-07-22 08:06:17'),
 (176,'International Stinger','Rocks',1,16,'None','2022-07-22 08:06:17','2022-07-22 08:06:17'),
 (177,'Dirty White Mother','Rocks',1,16,'None','2022-07-22 08:06:17','2022-07-22 08:06:17'),
 (178,'Godmother','Rocks',1,16,'None','2022-07-22 08:06:18','2022-07-22 08:06:18'),
 (179,'Dirty Mother','Rocks',1,16,'None','2022-07-22 08:06:18','2022-07-22 08:06:18'),
 (180,'Mexican Gold','Rocks',1,16,'None','2022-07-22 08:06:18','2022-07-22 08:06:18'),
 (181,'Rusty Nail','Rocks',1,16,'None','2022-07-22 08:06:18','2022-07-22 08:06:18'),
 (182,'Brave Bull','Rocks',1,16,'None','2022-07-22 08:06:18','2022-07-22 08:06:18'),
 (183,'Vodka Stinger','Rocks',1,16,'None','2022-07-22 08:06:18','2022-07-22 08:06:18'),
 (184,'Brama Bull','Rocks',1,16,'None','2022-07-22 08:06:18','2022-07-22 08:06:18'),
 (185,'White Bull','Rocks',1,16,'None','2022-07-22 08:06:18','2022-07-22 08:06:18'),
 (186,'Stinger','Rocks',1,16,'None','2022-07-22 08:06:18','2022-07-22 08:06:18'),
 (187,'Snow Shoe','Rocks',1,16,'None','2022-07-22 08:06:18','2022-07-22 08:06:18'),
 (188,'Kurant Stinger','Rocks',1,16,'None','2022-07-22 08:06:18','2022-07-22 08:06:18'),
 (189,'Green Russian','Rocks',1,16,'None','2022-07-22 08:06:18','2022-07-22 08:06:18'),
 (190,'White Russian','Rocks',1,16,'None','2022-07-22 08:06:18','2022-07-22 08:06:18'),
 (191,'Black Russian','Rocks',1,16,'None','2022-07-22 08:06:18','2022-07-22 08:06:18'),
 (192,'Kahlua & Cream (Sombrero)','Rocks',1,16,'None','2022-07-22 08:06:18','2022-07-22 08:06:18'),
 (193,'Aggravation','Rocks',1,16,'None','2022-07-22 08:06:18','2022-07-22 08:06:18'),
 (194,'Singapore Sling','Collins',2,11,'Cherry or Flag','2022-07-22 08:06:18','2022-07-22 08:06:18'),
 (195,'Side Car','Rocks',2,12,'Cherry or Flag','2022-07-22 08:06:18','2022-07-22 08:06:18'),
 (196,'Between the Sheets','Rocks',2,12,'Flag or Cherry','2022-07-22 08:06:18','2022-07-22 08:06:18'),
 (197,'Lynchburg Lemonade','Collins',2,10,'Lemon Wedge','2022-07-22 08:06:18','2022-07-22 08:06:18'),
 (198,'Mother Pucker','Collins',2,11,'Apple Wedge','2022-07-22 08:06:18','2022-07-22 08:06:18'),
 (199,'French Connection','Rocks',1,16,'None','2022-07-22 08:06:18','2022-07-22 08:06:18'),
 (200,'Sicilian Kiss','Rocks',1,16,'None','2022-07-22 08:06:18','2022-07-22 08:06:18'),
 (201,'Godfather','Rocks',1,16,'None','2022-07-22 08:06:18','2022-07-22 08:06:18');
INSERT INTO "ingredients" ("id","additional","amount","name","drink_id","created_at","updated_at") VALUES (1,'','1/3 oz.','Midori',1,'2022-07-22 08:06:18','2022-07-22 08:06:18'),
 (2,'','1/3 oz.','Peach Schnapps',1,'2022-07-22 08:06:18','2022-07-22 08:06:18'),
 (3,'','1/3 oz.','Cranberry Juice',1,'2022-07-22 08:06:18','2022-07-22 08:06:18'),
 (4,'','2/3 oz.','Tequila',2,'2022-07-22 08:06:18','2022-07-22 08:06:18'),
 (5,'','1/3 oz.','Tabasco',2,'2022-07-22 08:06:18','2022-07-22 08:06:18'),
 (7,'','1 oz.','Peach Schnapps',4,'2022-07-22 08:06:18','2022-07-22 08:06:18'),
 (8,'','5 drops','Bailey''s',4,'2022-07-22 08:06:18','2022-07-22 08:06:18'),
 (9,'','1/4 oz.','Frangelico',3,'2022-07-22 08:06:18','2022-07-22 08:06:18'),
 (10,'','1/4 oz.','Kahlua',3,'2022-07-22 08:06:18','2022-07-22 08:06:18'),
 (11,'','1/4 oz.','Bailey''s',3,'2022-07-22 08:06:18','2022-07-22 08:06:18'),
 (12,'','1/4 oz.','Vodka',3,'2022-07-22 08:06:18','2022-07-22 08:06:18'),
 (13,'','1 oz.','Peach Schnapps',5,'2022-07-22 08:06:18','2022-07-22 08:06:18'),
 (14,'','5 drops','Bailey''s',5,'2022-07-22 08:06:18','2022-07-22 08:06:18'),
 (15,'','2 drops','Grenadine',5,'2022-07-22 08:06:18','2022-07-22 08:06:18'),
 (16,'Rim Glass','','Sugar',6,'2022-07-22 08:06:18','2022-07-22 08:06:18'),
 (17,'','1 oz.','Lemon Flavored Vodka',6,'2022-07-22 08:06:18','2022-07-22 08:06:18'),
 (18,'','1/3 oz.','Bailey''s',7,'2022-07-22 08:06:18','2022-07-22 08:06:18'),
 (19,'','1/3 oz.','Sambuca',7,'2022-07-22 08:06:18','2022-07-22 08:06:18'),
 (20,'','1/3 oz.','Crème de Banana',7,'2022-07-22 08:06:18','2022-07-22 08:06:18'),
 (21,'','3/4 oz.','Vodka',8,'2022-07-22 08:06:18','2022-07-22 08:06:18'),
 (22,'','1/4 oz.','Blue Curacao',8,'2022-07-22 08:06:18','2022-07-22 08:06:18'),
 (23,'','1/2 oz.','Crown Royal',9,'2022-07-22 08:06:18','2022-07-22 08:06:18'),
 (24,'','1/2 oz.','Butterscotch Schnapps',9,'2022-07-22 08:06:18','2022-07-22 08:06:18'),
 (25,'','1/2 oz.','Bailey''s',10,'2022-07-22 08:06:18','2022-07-22 08:06:18'),
 (26,'','1/2 oz.','Kahlua',10,'2022-07-22 08:06:18','2022-07-22 08:06:18'),
 (27,'top with','','Whipped Cream',10,'2022-07-22 08:06:18','2022-07-22 08:06:18'),
 (28,'','1/2 oz.','Bailey''s',11,'2022-07-22 08:06:18','2022-07-22 08:06:18'),
 (29,'','1/2 oz.','Kahlua',11,'2022-07-22 08:06:18','2022-07-22 08:06:18'),
 (30,'','1/3 oz.','Bailey''s',12,'2022-07-22 08:06:18','2022-07-22 08:06:18'),
 (31,'','1/3 oz.','Kahlua',12,'2022-07-22 08:06:18','2022-07-22 08:06:18'),
 (32,'','1/3 oz.','Amaretto',12,'2022-07-22 08:06:18','2022-07-22 08:06:18'),
 (33,'','1/4 oz.','Bailey''s',13,'2022-07-22 08:06:18','2022-07-22 08:06:18'),
 (34,'','1/4 oz.','Kahlua',13,'2022-07-22 08:06:18','2022-07-22 08:06:18'),
 (35,'','1/4 oz.','Amaretto',13,'2022-07-22 08:06:18','2022-07-22 08:06:18'),
 (36,'','1/4 oz.','Cream',13,'2022-07-22 08:06:18','2022-07-22 08:06:18'),
 (37,'','1/3 oz.','Jack Daniels',14,'2022-07-22 08:06:18','2022-07-22 08:06:18'),
 (38,'','1/3 oz.','Jose Cuervo',14,'2022-07-22 08:06:18','2022-07-22 08:06:18'),
 (39,'','1/3 oz.','Jim Beam',14,'2022-07-22 08:06:18','2022-07-22 08:06:18'),
 (41,'','1/4 oz.','Johnnie Walker Red',15,'2022-07-22 08:06:18','2022-07-22 08:06:18'),
 (42,'','1/4 oz.','Jack Daniels',15,'2022-07-22 08:06:18','2022-07-22 08:06:18'),
 (43,'','1/4 oz.','Jim Beam',15,'2022-07-22 08:06:18','2022-07-22 08:06:18'),
 (44,'','1/4 oz.','Jose Cuervo',15,'2022-07-22 08:06:18','2022-07-22 08:06:18'),
 (45,'','1 oz.','Brandy',16,'2022-07-22 08:06:18','2022-07-22 08:06:18'),
 (46,'','1 oz.','Benedictine',16,'2022-07-22 08:06:18','2022-07-22 08:06:18'),
 (47,'','1 oz.','Light Rum',17,'2022-07-22 08:06:18','2022-07-22 08:06:18'),
 (48,'','2 oz.','Coconut Cream',17,'2022-07-22 08:06:18','2022-07-22 08:06:18'),
 (49,'','3 oz.','Pineapple Juice',17,'2022-07-22 08:06:18','2022-07-22 08:06:18'),
 (50,'','1/2 oz.','Chambord',18,'2022-07-22 08:06:18','2022-07-22 08:06:18'),
 (51,'','1/2 oz.','Frangellico',18,'2022-07-22 08:06:18','2022-07-22 08:06:18'),
 (52,'','1/2 oz.','Anisette',19,'2022-07-22 08:06:18','2022-07-22 08:06:18'),
 (53,'','1/2 oz.','Blackberry Brandy',19,'2022-07-22 08:06:18','2022-07-22 08:06:18'),
 (54,'','1/3 oz.','Kahlua',20,'2022-07-22 08:06:18','2022-07-22 08:06:18'),
 (55,'','1/3 oz.','Bailey''s',20,'2022-07-22 08:06:18','2022-07-22 08:06:18'),
 (56,'','1/3 oz.','Grand Marnier',20,'2022-07-22 08:06:18','2022-07-22 08:06:18'),
 (57,'','1/2 oz.','Hennessy',21,'2022-07-22 08:06:18','2022-07-22 08:06:18'),
 (58,'','1/2 oz.','Hypnotiq',21,'2022-07-22 08:06:18','2022-07-22 08:06:18'),
 (59,'','1 oz.','Tequila',22,'2022-07-22 08:06:18','2022-07-22 08:06:18'),
 (60,'','1 oz.','7-UP',22,'2022-07-22 08:06:18','2022-07-22 08:06:18'),
 (61,'','1/3 oz.','Vodka',23,'2022-07-22 08:06:18','2022-07-22 08:06:18'),
 (62,'','1/3 oz.','Midori',23,'2022-07-22 08:06:18','2022-07-22 08:06:18'),
 (63,'','1/3 oz.','Orange Juice',23,'2022-07-22 08:06:18','2022-07-22 08:06:18'),
 (64,'','1/3 oz.','Vodka',24,'2022-07-22 08:06:18','2022-07-22 08:06:18'),
 (65,'','1/3 oz.','Strawberry Cordial',24,'2022-07-22 08:06:18','2022-07-22 08:06:18'),
 (66,'','1/3 oz.','Orange Juice',24,'2022-07-22 08:06:18','2022-07-22 08:06:18'),
 (67,'','1/2 oz.','Bailey''s',25,'2022-07-22 08:06:18','2022-07-22 08:06:18'),
 (68,'','1/2 oz.','Butterscotch Schnapps',25,'2022-07-22 08:06:18','2022-07-22 08:06:18'),
 (69,'','3/4 oz.','Yukon Jack',26,'2022-07-22 08:06:18','2022-07-22 08:06:18'),
 (70,'','1/4 oz.','Rose''s Lime Juice',26,'2022-07-22 08:06:18','2022-07-22 08:06:18'),
 (71,'','1/2 oz.','Vodka',27,'2022-07-22 08:06:18','2022-07-22 08:06:18'),
 (72,'','1/2 oz.','Peach Schnapps',27,'2022-07-22 08:06:18','2022-07-22 08:06:18'),
 (73,'','1/3 oz.','Vodka',28,'2022-07-22 08:06:18','2022-07-22 08:06:18'),
 (74,'','1/3 oz.','Kahlua',28,'2022-07-22 08:06:18','2022-07-22 08:06:18'),
 (75,'','1/3 oz.','Bailey''s',28,'2022-07-22 08:06:18','2022-07-22 08:06:18'),
 (76,'','1/3 oz.','Vodka',29,'2022-07-22 08:06:18','2022-07-22 08:06:18'),
 (77,'','1/3 oz.','Peach Schnapps',29,'2022-07-22 08:06:18','2022-07-22 08:06:18'),
 (78,'','1/3 oz.','Cranberry Juice',29,'2022-07-22 08:06:18','2022-07-22 08:06:18'),
 (79,'','1 1/2 oz.','Sambuca',30,'2022-07-22 08:06:18','2022-07-22 08:06:18'),
 (80,'','3','Coffee Beans',30,'2022-07-22 08:06:18','2022-07-22 08:06:18'),
 (81,'','1 oz.','Light Rum',31,'2022-07-22 08:06:18','2022-07-22 08:06:18'),
 (82,'','1/2 oz.','Blue Curacao',31,'2022-07-22 08:06:18','2022-07-22 08:06:18'),
 (83,'','1 1/2 oz.','Coconut cream',31,'2022-07-22 08:06:18','2022-07-22 08:06:18'),
 (84,'','3 oz.','Pineapple Juice',31,'2022-07-22 08:06:18','2022-07-22 08:06:18'),
 (85,'','1/3 oz.','Goldschlager',32,'2022-07-22 08:06:18','2022-07-22 08:06:18'),
 (86,'','1/3 oz.','Bailey''s',32,'2022-07-22 08:06:18','2022-07-22 08:06:18'),
 (87,'','1/3 oz.','Butterscotch Schnapps',32,'2022-07-22 08:06:18','2022-07-22 08:06:18'),
 (88,'','1/2 oz.','Rumplemintz',33,'2022-07-22 08:06:18','2022-07-22 08:06:18'),
 (89,'','1/2 oz.','Jagermeister',33,'2022-07-22 08:06:18','2022-07-22 08:06:18'),
 (90,'','1/3 oz.','151 Rum',34,'2022-07-22 08:06:18','2022-07-22 08:06:18'),
 (91,'','1/3 oz.','Rumplemintz',34,'2022-07-22 08:06:18','2022-07-22 08:06:18'),
 (92,'','1/3 oz.','Jagermeister',34,'2022-07-22 08:06:18','2022-07-22 08:06:18'),
 (93,'','3/4 oz.','Vodka',35,'2022-07-22 08:06:18','2022-07-22 08:06:18'),
 (94,'','1/4 oz.','Triple Sec',35,'2022-07-22 08:06:18','2022-07-22 08:06:18'),
 (95,'','3-4 drops','Lime Juice',35,'2022-07-22 08:06:18','2022-07-22 08:06:18'),
 (96,'','1/5 oz.','Vodka',36,'2022-07-22 08:06:18','2022-07-22 08:06:18'),
 (97,'','1/5 oz.','Peach Schnapps',36,'2022-07-22 08:06:18','2022-07-22 08:06:18'),
 (98,'','1/5 oz.','Cranberry Juice',36,'2022-07-22 08:06:18','2022-07-22 08:06:18'),
 (99,'','1/5 oz.','Southern Comfort',36,'2022-07-22 08:06:18','2022-07-22 08:06:18'),
 (100,'','1/5 oz.','Midori',36,'2022-07-22 08:06:18','2022-07-22 08:06:18'),
 (101,'','3/4 oz.','Dark Crème de Cacao',37,'2022-07-22 08:06:18','2022-07-22 08:06:18'),
 (102,'','1/4 oz.','Cream',37,'2022-07-22 08:06:18','2022-07-22 08:06:18'),
 (103,'','1/3 oz.','Jagermeister',38,'2022-07-22 08:06:18','2022-07-22 08:06:18'),
 (104,'','1/3 oz.','Parrot Bay Rum',38,'2022-07-22 08:06:18','2022-07-22 08:06:18'),
 (105,'','1/3 oz.','Pineapple Juice',38,'2022-07-22 08:06:18','2022-07-22 08:06:18'),
 (106,'','1/3 oz.','Bailey''s',39,'2022-07-22 08:06:18','2022-07-22 08:06:18'),
 (107,'','1/3 oz.','Peach Schnapps',39,'2022-07-22 08:06:18','2022-07-22 08:06:18'),
 (108,'','3/4 oz.','Dark Crème de Cacao',40,'2022-07-22 08:06:18','2022-07-22 08:06:18'),
 (109,'','1/4 oz.','Cream',40,'2022-07-22 08:06:18','2022-07-22 08:06:18'),
 (110,'','1/2 oz.','Vodka',41,'2022-07-22 08:06:18','2022-07-22 08:06:18'),
 (111,'','1/2 oz.','Frangelico',41,'2022-07-22 08:06:18','2022-07-22 08:06:18'),
 (112,'','1/4 oz.','Bailey''s',42,'2022-07-22 08:06:18','2022-07-22 08:06:18'),
 (113,'','1/4 oz.','Amaretto',42,'2022-07-22 08:06:18','2022-07-22 08:06:18'),
 (114,'','1/4 oz.','Kahlua',42,'2022-07-22 08:06:18','2022-07-22 08:06:18'),
 (115,'','1/4 oz.','Vodka',42,'2022-07-22 08:06:18','2022-07-22 08:06:18'),
 (116,'','1/5 oz.','Bailey''s',43,'2022-07-22 08:06:18','2022-07-22 08:06:18'),
 (117,'','1/5 oz.','Amaretto',43,'2022-07-22 08:06:18','2022-07-22 08:06:18'),
 (118,'','1/5 oz.','Vodka',43,'2022-07-22 08:06:18','2022-07-22 08:06:18'),
 (119,'','1/5 oz.','Kahlua',43,'2022-07-22 08:06:18','2022-07-22 08:06:18'),
 (120,'','1/5 oz.','Cream',43,'2022-07-22 08:06:18','2022-07-22 08:06:18'),
 (121,'','1/3 oz.','Vodka',44,'2022-07-22 08:06:18','2022-07-22 08:06:18'),
 (122,'','1/3 oz.','Chambord',44,'2022-07-22 08:06:18','2022-07-22 08:06:18'),
 (123,'','1/3 oz.','Sweet & Sour',44,'2022-07-22 08:06:18','2022-07-22 08:06:18'),
 (124,'','1/3 oz.','Chambord',45,'2022-07-22 08:06:18','2022-07-22 08:06:18'),
 (125,'','1/3 oz.','Blue Curacao',45,'2022-07-22 08:06:18','2022-07-22 08:06:18'),
 (126,'','1/3 oz.','Sweet & sour',45,'2022-07-22 08:06:18','2022-07-22 08:06:18'),
 (127,'','1/3 oz.','Crème de Cassis',46,'2022-07-22 08:06:18','2022-07-22 08:06:18'),
 (128,'','1/3 oz.','Midori',46,'2022-07-22 08:06:18','2022-07-22 08:06:18'),
 (129,'','1/3 oz.','Pineapple Juice',46,'2022-07-22 08:06:18','2022-07-22 08:06:18'),
 (130,'','1/2 oz.','Vanilla Vodka',47,'2022-07-22 08:06:18','2022-07-22 08:06:18'),
 (131,'','1/2 oz.','Pineapple Juice',47,'2022-07-22 08:06:18','2022-07-22 08:06:18'),
 (132,'','2 drops','Grenadine (after pouring)',47,'2022-07-22 08:06:18','2022-07-22 08:06:18'),
 (133,'','2-3','Ice Cubes',48,'2022-07-22 08:06:18','2022-07-22 08:06:18'),
 (134,'','1 oz.','Kahlua',48,'2022-07-22 08:06:18','2022-07-22 08:06:18'),
 (135,'','1 oz.','Vodka',48,'2022-07-22 08:06:18','2022-07-22 08:06:18'),
 (136,'','1 oz.','Soda',48,'2022-07-22 08:06:18','2022-07-22 08:06:18'),
 (137,'','1/3 oz.','151 Rum',49,'2022-07-22 08:06:18','2022-07-22 08:06:18'),
 (138,'','1/3 oz.','Goldschlager',49,'2022-07-22 08:06:18','2022-07-22 08:06:18'),
 (139,'','1/3 oz.','Jagermeister',49,'2022-07-22 08:06:18','2022-07-22 08:06:18'),
 (140,'','1/4 oz.','151 Rum',50,'2022-07-22 08:06:18','2022-07-22 08:06:18'),
 (141,'','1/4 oz.','Rumplemintz',50,'2022-07-22 08:06:18','2022-07-22 08:06:18'),
 (142,'','1/4 oz.','Jagermeister',50,'2022-07-22 08:06:18','2022-07-22 08:06:18'),
 (143,'','1/4 oz.','Goldschlager',50,'2022-07-22 08:06:18','2022-07-22 08:06:18'),
 (144,'','1/3 oz.','Jagermeister',51,'2022-07-22 08:06:18','2022-07-22 08:06:18'),
 (145,'','1/3 oz.','Peach Schnapps',51,'2022-07-22 08:06:18','2022-07-22 08:06:18'),
 (146,'','1/3 oz.','Cranberry Juice',51,'2022-07-22 08:06:18','2022-07-22 08:06:18'),
 (147,'','1/2 oz.','Light Rum',52,'2022-07-22 08:06:18','2022-07-22 08:06:18'),
 (148,'','1/2 oz.','Dark Rum',52,'2022-07-22 08:06:18','2022-07-22 08:06:18'),
 (149,'','1/2 oz.','Triple Sec',52,'2022-07-22 08:06:18','2022-07-22 08:06:18'),
 (150,'','1/2 oz.','Crème de Almond',52,'2022-07-22 08:06:18','2022-07-22 08:06:18'),
 (151,'','1 oz.','Sweet & Sour',52,'2022-07-22 08:06:18','2022-07-22 08:06:18'),
 (152,'','1 oz.','Orange Juice',52,'2022-07-22 08:06:18','2022-07-22 08:06:18'),
 (153,'','1 oz.','Pineapple Juice',52,'2022-07-22 08:06:18','2022-07-22 08:06:18'),
 (154,'top with','1/2 oz.','151 Rum',52,'2022-07-22 08:06:18','2022-07-22 08:06:18'),
 (155,'','1 oz.','Light Rum',53,'2022-07-22 08:06:18','2022-07-22 08:06:18'),
 (156,'','1/2 oz.','Crème de almond',53,'2022-07-22 08:06:18','2022-07-22 08:06:18'),
 (157,'','1/2 oz.','Triple Sec',53,'2022-07-22 08:06:18','2022-07-22 08:06:18'),
 (158,'','2 oz.','Sweet & sour',53,'2022-07-22 08:06:18','2022-07-22 08:06:18'),
 (159,'','1 1/2 oz.','Orange Juice',53,'2022-07-22 08:06:18','2022-07-22 08:06:18'),
 (160,'Top with','1/2 oz.','Dark Rum',53,'2022-07-22 08:06:18','2022-07-22 08:06:18'),
 (161,'','1 oz.','Light Rum',54,'2022-07-22 08:06:18','2022-07-22 08:06:18'),
 (162,'','1 oz.','Dark Rum',54,'2022-07-22 08:06:18','2022-07-22 08:06:18'),
 (163,'','1/2 oz.','Grenadine',54,'2022-07-22 08:06:18','2022-07-22 08:06:18'),
 (164,'','1 oz.','Pineapple Juice',54,'2022-07-22 08:06:18','2022-07-22 08:06:18'),
 (165,'','1 oz.','Orange Juice',54,'2022-07-22 08:06:18','2022-07-22 08:06:18'),
 (166,'','1 oz.','Sweet & Sour',54,'2022-07-22 08:06:18','2022-07-22 08:06:18'),
 (167,'Top with','1/2 oz.','151 Rum',54,'2022-07-22 08:06:18','2022-07-22 08:06:18'),
 (168,'','1 oz.','Dark Rum',55,'2022-07-22 08:06:18','2022-07-22 08:06:18'),
 (169,'','1/2 oz.','Grenadine',55,'2022-07-22 08:06:18','2022-07-22 08:06:18'),
 (170,'','Dash','Bitters',55,'2022-07-22 08:06:18','2022-07-22 08:06:18'),
 (171,'','2 1/2 oz.','Sweet & Sour',55,'2022-07-22 08:06:18','2022-07-22 08:06:18'),
 (172,'','1 1/2 oz.','Orange Juice',55,'2022-07-22 08:06:18','2022-07-22 08:06:18'),
 (173,'','1 oz.','Dark Rum',56,'2022-07-22 08:06:18','2022-07-22 08:06:18'),
 (174,'','1/2 oz.','Blackberry Brandy',56,'2022-07-22 08:06:18','2022-07-22 08:06:18'),
 (175,'','1/2 oz.','Crème de Banana',56,'2022-07-22 08:06:18','2022-07-22 08:06:18'),
 (176,'','1/2 oz.','Grenadine',56,'2022-07-22 08:06:18','2022-07-22 08:06:18'),
 (177,'','2 1/2 oz.','Sweet & Sour',56,'2022-07-22 08:06:18','2022-07-22 08:06:18'),
 (178,'top with','1/2 oz.','151 Rum',56,'2022-07-22 08:06:18','2022-07-22 08:06:18'),
 (179,'','1/4 oz.','Kahlua',57,'2022-07-22 08:06:18','2022-07-22 08:06:18'),
 (180,'','1/4 oz.','151 Rum',57,'2022-07-22 08:06:18','2022-07-22 08:06:18'),
 (181,'','1/4 oz.','Dark Rum',57,'2022-07-22 08:06:18','2022-07-22 08:06:18'),
 (182,'','1/2 oz.','Coconut Rum',57,'2022-07-22 08:06:18','2022-07-22 08:06:18'),
 (183,'','3 oz.','Pineapple Juice',57,'2022-07-22 08:06:18','2022-07-22 08:06:18'),
 (184,'','1/2 oz.','Sweet & Sour',57,'2022-07-22 08:06:18','2022-07-22 08:06:18'),
 (185,'','1/2 oz.','Light Rum',58,'2022-07-22 08:06:18','2022-07-22 08:06:18'),
 (186,'','1/2 oz.','Brandy',58,'2022-07-22 08:06:18','2022-07-22 08:06:18'),
 (187,'','1/2 oz.','Crème de Almond',58,'2022-07-22 08:06:18','2022-07-22 08:06:18'),
 (188,'','1/2 oz.','Triple Sec',58,'2022-07-22 08:06:18','2022-07-22 08:06:18'),
 (189,'','1 oz.','Sweet & Sour',58,'2022-07-22 08:06:18','2022-07-22 08:06:18'),
 (190,'','1 oz.','Orange Juice',58,'2022-07-22 08:06:18','2022-07-22 08:06:18'),
 (191,'','1 oz.','Pineapple Juice',58,'2022-07-22 08:06:18','2022-07-22 08:06:18'),
 (192,'top with','1/2 oz.','151 Rum',58,'2022-07-22 08:06:18','2022-07-22 08:06:18'),
 (193,'','2 oz.','Absolut Citron',61,'2022-07-22 08:06:18','2022-07-22 08:06:18'),
 (194,'','1/2 oz.','Grenadine',61,'2022-07-22 08:06:18','2022-07-22 08:06:18'),
 (195,'','1/2 oz.','Ruby Red Grapefruit Juice',61,'2022-07-22 08:06:18','2022-07-22 08:06:18'),
 (196,'Rim Glass','','Sugar',61,'2022-07-22 08:06:18','2022-07-22 08:06:18'),
 (197,'','1/2 oz.','Citron Vodka',62,'2022-07-22 08:06:18','2022-07-22 08:06:18'),
 (198,'','1/2 oz.','Parrot Bay',62,'2022-07-22 08:06:18','2022-07-22 08:06:18'),
 (199,'','1/2 oz.','Bacardi',62,'2022-07-22 08:06:18','2022-07-22 08:06:18'),
 (200,'','1/2 oz.','Blue Curacao',62,'2022-07-22 08:06:18','2022-07-22 08:06:18'),
 (201,'','1/2 oz.','7-UP',62,'2022-07-22 08:06:18','2022-07-22 08:06:18'),
 (202,'','1/2 oz.','Strawberry Liqueur dropped in center',62,'2022-07-22 08:06:18','2022-07-22 08:06:18'),
 (203,'','2 oz.','Vodka',63,'2022-07-22 08:06:18','2022-07-22 08:06:18'),
 (204,'','1/2 oz.','Cranberry Juice',63,'2022-07-22 08:06:18','2022-07-22 08:06:18'),
 (205,'','1/4 oz.','Contreau',63,'2022-07-22 08:06:18','2022-07-22 08:06:18'),
 (206,'','1/2 oz.','Lime Syrup',63,'2022-07-22 08:06:18','2022-07-22 08:06:18'),
 (207,'','1 oz.','Vodka',64,'2022-07-22 08:06:18','2022-07-22 08:06:18'),
 (208,'','Fill 1/2','Cranberry Juice',64,'2022-07-22 08:06:18','2022-07-22 08:06:18'),
 (209,'','Fill 1/2','Pineapple Juice',64,'2022-07-22 08:06:18','2022-07-22 08:06:18'),
 (210,'','1 oz.','Vodka',65,'2022-07-22 08:06:18','2022-07-22 08:06:18'),
 (211,'','Fill 1/2','Cranberry Juice',65,'2022-07-22 08:06:18','2022-07-22 08:06:18'),
 (212,'','Fill 1/2','Orange Juice',65,'2022-07-22 08:06:18','2022-07-22 08:06:18'),
 (213,'','1 oz.','Amaretto',66,'2022-07-22 08:06:18','2022-07-22 08:06:18'),
 (214,'','Fill with','Orange Juice',66,'2022-07-22 08:06:18','2022-07-22 08:06:18'),
 (215,'','1 oz.','Kahlua',67,'2022-07-22 08:06:18','2022-07-22 08:06:18'),
 (216,'','Fill with','Orange Juice',67,'2022-07-22 08:06:18','2022-07-22 08:06:18'),
 (217,'','1 oz.','Vodka',68,'2022-07-22 08:06:18','2022-07-22 08:06:18'),
 (218,'','2 dashes','pepper',68,'2022-07-22 08:06:18','2022-07-22 08:06:18'),
 (219,'','2 dashes','salt',68,'2022-07-22 08:06:18','2022-07-22 08:06:18'),
 (220,'','2 dashes','Celery Salt',68,'2022-07-22 08:06:18','2022-07-22 08:06:18'),
 (221,'','4 drops','Worcestershire',68,'2022-07-22 08:06:18','2022-07-22 08:06:18'),
 (222,'','1 drop','Tobasco',68,'2022-07-22 08:06:18','2022-07-22 08:06:18'),
 (223,'','Fill with','Tomato Juice',68,'2022-07-22 08:06:18','2022-07-22 08:06:18'),
 (224,'','1 oz.','Sloe Gin',69,'2022-07-22 08:06:18','2022-07-22 08:06:18'),
 (225,'','1/2 oz.','Southern Comfort',69,'2022-07-22 08:06:18','2022-07-22 08:06:18'),
 (226,'','Fill with','Orange Juice',69,'2022-07-22 08:06:18','2022-07-22 08:06:18'),
 (227,'','1 oz.','Peach Schnapps',70,'2022-07-22 08:06:18','2022-07-22 08:06:18'),
 (228,'','Fill with','Orange Juice',70,'2022-07-22 08:06:18','2022-07-22 08:06:18'),
 (229,'','1 oz.','Vanilla Vodka',71,'2022-07-22 08:06:18','2022-07-22 08:06:18'),
 (230,'','1 oz.','Dark Godiva',71,'2022-07-22 08:06:18','2022-07-22 08:06:18'),
 (231,'','1/2 oz.','Butterscotch Schnapps',71,'2022-07-22 08:06:18','2022-07-22 08:06:18'),
 (232,'','1/2 oz.','Frangelico',71,'2022-07-22 08:06:18','2022-07-22 08:06:18'),
 (233,'Rim glass','','Chocolate Shavings',71,'2022-07-22 08:06:18','2022-07-22 08:06:18'),
 (234,'','2 oz.','Southern Comfort',72,'2022-07-22 08:06:18','2022-07-22 08:06:18'),
 (235,'','1/2 oz.','Orange Juice',72,'2022-07-22 08:06:18','2022-07-22 08:06:18'),
 (236,'','1/2 oz.','Cranberry Juice',72,'2022-07-22 08:06:18','2022-07-22 08:06:18'),
 (237,'','1 1/2 oz.','Orange Vodka',73,'2022-07-22 08:06:18','2022-07-22 08:06:18'),
 (238,'','1/2 oz.','Blue Curacao',73,'2022-07-22 08:06:18','2022-07-22 08:06:18'),
 (239,'','1/2 oz.','Sweet & Sour',73,'2022-07-22 08:06:18','2022-07-22 08:06:18'),
 (240,'','3/4 oz.','7-UP',73,'2022-07-22 08:06:18','2022-07-22 08:06:18'),
 (241,'','1 1/2 oz.','Vanilla Vodka',74,'2022-07-22 08:06:18','2022-07-22 08:06:18'),
 (242,'','3/4 oz.','Crème de Banana',74,'2022-07-22 08:06:18','2022-07-22 08:06:18'),
 (243,'','3/4 oz.','Dark Godiva',74,'2022-07-22 08:06:18','2022-07-22 08:06:18'),
 (244,'','2 oz.','Gin',75,'2022-07-22 08:06:18','2022-07-22 08:06:18'),
 (245,'','1 oz.','Vodka',75,'2022-07-22 08:06:18','2022-07-22 08:06:18'),
 (246,'','1/2 oz.','Lillet Blonde',75,'2022-07-22 08:06:18','2022-07-22 08:06:18'),
 (247,'','1 oz.','Bourbon',76,'2022-07-22 08:06:18','2022-07-22 08:06:18'),
 (248,'','1 oz.','Grand Marnier',76,'2022-07-22 08:06:18','2022-07-22 08:06:18'),
 (249,'','1/2 oz.','Vanilla Vodka',76,'2022-07-22 08:06:18','2022-07-22 08:06:18'),
 (250,'','1/2 oz.','White Crème de Menthe',76,'2022-07-22 08:06:18','2022-07-22 08:06:18'),
 (251,'','2 oz.','Vodka',77,'2022-07-22 08:06:18','2022-07-22 08:06:18'),
 (252,'','1/2 oz.','Chambord',77,'2022-07-22 08:06:18','2022-07-22 08:06:18'),
 (253,'','1/2 oz.','Pineapple Juice',77,'2022-07-22 08:06:18','2022-07-22 08:06:18'),
 (254,'','1 oz.','Gin',78,'2022-07-22 08:06:18','2022-07-22 08:06:18'),
 (255,'','1 oz.','Campari',78,'2022-07-22 08:06:18','2022-07-22 08:06:18'),
 (256,'','1 oz.','Sweet Vermouth',78,'2022-07-22 08:06:18','2022-07-22 08:06:18'),
 (257,'','1 1/2 oz.','Applejack',79,'2022-07-22 08:06:18','2022-07-22 08:06:18'),
 (258,'','1 oz.','Lime Juice',79,'2022-07-22 08:06:18','2022-07-22 08:06:18'),
 (259,'','1/2 oz.','Grenadine',79,'2022-07-22 08:06:18','2022-07-22 08:06:18'),
 (260,'','1 oz.','Brandy',80,'2022-07-22 08:06:18','2022-07-22 08:06:18'),
 (261,'','1 oz.','Cointreau',80,'2022-07-22 08:06:18','2022-07-22 08:06:18'),
 (262,'','3/4 oz.','Fresh Lime Juice',80,'2022-07-22 08:06:18','2022-07-22 08:06:18'),
 (263,'','2 dashes','Bitters',80,'2022-07-22 08:06:18','2022-07-22 08:06:18'),
 (264,'','1 1/2 oz.','Gin',81,'2022-07-22 08:06:18','2022-07-22 08:06:18'),
 (265,'','1/2 oz.','Dry Vermouth',81,'2022-07-22 08:06:18','2022-07-22 08:06:18'),
 (266,'','dash','Bitters',81,'2022-07-22 08:06:18','2022-07-22 08:06:18'),
 (267,'','1 1/2 oz.','Gin',82,'2022-07-22 08:06:18','2022-07-22 08:06:18'),
 (268,'','1/2 oz.','Cointreau',82,'2022-07-22 08:06:18','2022-07-22 08:06:18'),
 (269,'','1 oz.','Lemon Juice',82,'2022-07-22 08:06:18','2022-07-22 08:06:18'),
 (270,'','1 dash','Pernod',82,'2022-07-22 08:06:18','2022-07-22 08:06:18'),
 (274,'','1 oz.','Vodka',84,'2022-07-22 08:06:18','2022-07-22 08:06:18'),
 (275,'','Fill With','Orange Juice',84,'2022-07-22 08:06:18','2022-07-22 08:06:18'),
 (276,'Top with','1/2 oz.','Galliano',84,'2022-07-22 08:06:18','2022-07-22 08:06:18'),
 (277,'Rim Glass with','','Salt',85,'2022-07-22 08:06:18','2022-07-22 08:06:18'),
 (278,'','1 oz.','Vodka',85,'2022-07-22 08:06:18','2022-07-22 08:06:18'),
 (279,'','Fill with','Grapefruit Juice',85,'2022-07-22 08:06:18','2022-07-22 08:06:18'),
 (280,'','1 oz.','Light Tequila',86,'2022-07-22 08:06:18','2022-07-22 08:06:18'),
 (281,'','Fill with','Orange Juice',86,'2022-07-22 08:06:18','2022-07-22 08:06:18'),
 (282,'Top with','1/2 oz.','Grenadine',86,'2022-07-22 08:06:18','2022-07-22 08:06:18'),
 (283,'','1 oz.','Sloe Gin',87,'2022-07-22 08:06:18','2022-07-22 08:06:18'),
 (284,'','Fill with','Orange Juice',87,'2022-07-22 08:06:18','2022-07-22 08:06:18'),
 (285,'','1 oz.','Vodka',88,'2022-07-22 08:06:18','2022-07-22 08:06:18'),
 (286,'','Fill 1/2','Orange Juice',88,'2022-07-22 08:06:18','2022-07-22 08:06:18'),
 (287,'','Fill 1/2','7 UP',88,'2022-07-22 08:06:18','2022-07-22 08:06:18'),
 (288,'','1 oz.','Vodka',89,'2022-07-22 08:06:18','2022-07-22 08:06:18'),
 (289,'','Fill with','Orange Juice',89,'2022-07-22 08:06:18','2022-07-22 08:06:18'),
 (290,'','1 oz.','Vodka',90,'2022-07-22 08:06:18','2022-07-22 08:06:18'),
 (291,'','Fill with','Cranberry Juice',90,'2022-07-22 08:06:18','2022-07-22 08:06:18'),
 (292,'','1 oz.','Vodka',91,'2022-07-22 08:06:18','2022-07-22 08:06:18'),
 (293,'','Fill with','Grapefruit Juice',91,'2022-07-22 08:06:18','2022-07-22 08:06:18'),
 (294,'','1 oz.','Tequila',92,'2022-07-22 08:06:18','2022-07-22 08:06:18'),
 (295,'','Fill with','Orange Juice',92,'2022-07-22 08:06:18','2022-07-22 08:06:18'),
 (296,'Top with','1/2 oz.','Blackberry Brandy',92,'2022-07-22 08:06:18','2022-07-22 08:06:18'),
 (297,'','1 oz.','Vodka',93,'2022-07-22 08:06:18','2022-07-22 08:06:18'),
 (298,'','1/2 oz.','Cranberry Juice',93,'2022-07-22 08:06:18','2022-07-22 08:06:18'),
 (299,'','1/2 oz.','Grapefruit Juice',93,'2022-07-22 08:06:18','2022-07-22 08:06:18'),
 (300,'','1 oz.','Tanqueray Gin',94,'2022-07-22 08:06:18','2022-07-22 08:06:18'),
 (301,'','Fill with','Tonic',94,'2022-07-22 08:06:18','2022-07-22 08:06:18'),
 (302,'','1/2 oz.','Strawberry Cordial',95,'2022-07-22 08:06:18','2022-07-22 08:06:18'),
 (303,'','1/2 oz.','Vodka',95,'2022-07-22 08:06:18','2022-07-22 08:06:18'),
 (304,'','1/2 oz.','Sloe Gin',95,'2022-07-22 08:06:18','2022-07-22 08:06:18'),
 (305,'','1/2 oz.','Southern Comfort',95,'2022-07-22 08:06:18','2022-07-22 08:06:18'),
 (306,'','1/2 oz.','Amaretto',95,'2022-07-22 08:06:18','2022-07-22 08:06:18'),
 (307,'','Fill with','Orange Juice',95,'2022-07-22 08:06:18','2022-07-22 08:06:18'),
 (308,'','1/2 oz.','Vanilla Cordial (McGillicuddy)',96,'2022-07-22 08:06:18','2022-07-22 08:06:18'),
 (309,'','1/2 oz.','Cranberry Juice',96,'2022-07-22 08:06:18','2022-07-22 08:06:18'),
 (310,'','1/2 oz.','Blue Curacao',97,'2022-07-22 08:06:18','2022-07-22 08:06:18'),
 (311,'','1/2 oz.','White Crème de Cacao',97,'2022-07-22 08:06:18','2022-07-22 08:06:18'),
 (312,'','2 oz.','Cream',97,'2022-07-22 08:06:18','2022-07-22 08:06:18'),
 (313,'','1/2 oz.','White Crème de Cacao',98,'2022-07-22 08:06:18','2022-07-22 08:06:18'),
 (314,'','1/2 oz.','Triple Sec',98,'2022-07-22 08:06:18','2022-07-22 08:06:18'),
 (315,'','2 oz.','Cream',98,'2022-07-22 08:06:18','2022-07-22 08:06:18'),
 (316,'','1/2 oz.','Blackberry Brandy',99,'2022-07-22 08:06:18','2022-07-22 08:06:18'),
 (317,'','1/2 oz.','White Crème de Cacao',99,'2022-07-22 08:06:18','2022-07-22 08:06:18'),
 (318,'','2 oz.','Cream',99,'2022-07-22 08:06:18','2022-07-22 08:06:18'),
 (319,'','1 1/2 oz.','Old Tom Gin',100,'2022-07-22 08:06:18','2022-07-22 08:06:18'),
 (320,'','2 Tbsp.','Heavy Cream',100,'2022-07-22 08:06:18','2022-07-22 08:06:18'),
 (321,'','1/2 oz.','Lemon Juice',100,'2022-07-22 08:06:18','2022-07-22 08:06:18'),
 (322,'','1 Tbsp.','Powdered Sugar',100,'2022-07-22 08:06:18','2022-07-22 08:06:18'),
 (323,'','Fill with','Soda',100,'2022-07-22 08:06:18','2022-07-22 08:06:18'),
 (324,'','2 oz.','Premium Vodka',101,'2022-07-22 08:06:18','2022-07-22 08:06:18'),
 (325,'','1 oz.','Apple Schnapps',101,'2022-07-22 08:06:18','2022-07-22 08:06:18'),
 (326,'','2 oz.','Vodka',102,'2022-07-22 08:06:19','2022-07-22 08:06:19'),
 (327,'','1 oz.','Midori',102,'2022-07-22 08:06:19','2022-07-22 08:06:19'),
 (328,'','2 oz.','Premium Vodka',103,'2022-07-22 08:06:19','2022-07-22 08:06:19'),
 (329,'','1/2 oz.','Apple Schnapps',103,'2022-07-22 08:06:19','2022-07-22 08:06:19'),
 (330,'','1/2 oz.','Butterscotch Schnapps',103,'2022-07-22 08:06:19','2022-07-22 08:06:19'),
 (331,'','2 oz.','Vodka',104,'2022-07-22 08:06:19','2022-07-22 08:06:19'),
 (332,'','1 oz.','White Godiva',104,'2022-07-22 08:06:19','2022-07-22 08:06:19'),
 (333,'','2 oz.','Vodka',105,'2022-07-22 08:06:19','2022-07-22 08:06:19'),
 (334,'','1 oz.','Dark Godiva',105,'2022-07-22 08:06:19','2022-07-22 08:06:19'),
 (335,'','2 oz.','Vodka',106,'2022-07-22 08:06:19','2022-07-22 08:06:19'),
 (336,'','1 oz.','Chambord',106,'2022-07-22 08:06:19','2022-07-22 08:06:19'),
 (337,'','1/2 oz.','Sweet Vermouth',107,'2022-07-22 08:06:19','2022-07-22 08:06:19'),
 (338,'','2 1/2 oz','Whiskey',107,'2022-07-22 08:06:19','2022-07-22 08:06:19'),
 (339,'','1/4 oz.','Dry Vermouth',108,'2022-07-22 08:06:19','2022-07-22 08:06:19'),
 (340,'','2 1/2 oz.','Gin or Vodka',108,'2022-07-22 08:06:19','2022-07-22 08:06:19'),
 (341,'','1/2 oz.','Dry Vermouth',109,'2022-07-22 08:06:19','2022-07-22 08:06:19'),
 (342,'','2 1/2 oz.','Gin or Vodka',109,'2022-07-22 08:06:19','2022-07-22 08:06:19'),
 (343,'Spash on top','4-7 Drops','Scotch',109,'2022-07-22 08:06:19','2022-07-22 08:06:19'),
 (344,'','1/4 oz.','Dry Vermouth',110,'2022-07-22 08:06:19','2022-07-22 08:06:19'),
 (345,'','2 1/2 oz.','Gin or Vodka',110,'2022-07-22 08:06:19','2022-07-22 08:06:19'),
 (346,'','1/2 oz.','Olive Juice',110,'2022-07-22 08:06:19','2022-07-22 08:06:19'),
 (347,'','1 oz.','Bailey''s',111,'2022-07-22 08:06:19','2022-07-22 08:06:19'),
 (348,'','3-5 Drops','Rose''s Lime',111,'2022-07-22 08:06:19','2022-07-22 08:06:19'),
 (349,'','','Wait 5 seconds to serve',111,'2022-07-22 08:06:19','2022-07-22 08:06:19'),
 (350,'','1/2 oz.','Amaretto',112,'2022-07-22 08:06:19','2022-07-22 08:06:19'),
 (351,'','1/2 oz.','Triple Sec',112,'2022-07-22 08:06:19','2022-07-22 08:06:19'),
 (352,'','1/2 oz.','Orange Juice',112,'2022-07-22 08:06:19','2022-07-22 08:06:19'),
 (353,'','1 1/2 oz.','Cream',112,'2022-07-22 08:06:19','2022-07-22 08:06:19'),
 (354,'','1 oz.','Vodka',113,'2022-07-22 08:06:19','2022-07-22 08:06:19'),
 (355,'','1/2 oz.','Kahlua',113,'2022-07-22 08:06:19','2022-07-22 08:06:19'),
 (356,'','1 oz.','Heavy Cream',113,'2022-07-22 08:06:19','2022-07-22 08:06:19'),
 (357,'','Fill with','Coke',113,'2022-07-22 08:06:19','2022-07-22 08:06:19'),
 (358,'','1 oz.','Kahlua',114,'2022-07-22 08:06:19','2022-07-22 08:06:19'),
 (359,'','1 oz.','Heavy Cream',114,'2022-07-22 08:06:19','2022-07-22 08:06:19'),
 (360,'','Fill with','Soda',114,'2022-07-22 08:06:19','2022-07-22 08:06:19'),
 (361,'','1/2 oz.','Amaretto',115,'2022-07-22 08:06:19','2022-07-22 08:06:19'),
 (362,'','1/2 oz.','Kahlua',115,'2022-07-22 08:06:19','2022-07-22 08:06:19'),
 (363,'','2 oz.','Cream',115,'2022-07-22 08:06:19','2022-07-22 08:06:19'),
 (364,'','1/2 oz.','Amaretto',116,'2022-07-22 08:06:19','2022-07-22 08:06:19'),
 (365,'','1/2 oz.','White Crème de Cacao',116,'2022-07-22 08:06:19','2022-07-22 08:06:19'),
 (366,'','2 oz.','Cream',116,'2022-07-22 08:06:19','2022-07-22 08:06:19'),
 (367,'','1 oz.','Gin',117,'2022-07-22 08:06:19','2022-07-22 08:06:19'),
 (368,'','1/2 oz.','Grenadine',117,'2022-07-22 08:06:19','2022-07-22 08:06:19'),
 (369,'','1 1/2 oz.','Cream',117,'2022-07-22 08:06:19','2022-07-22 08:06:19'),
 (370,'','1/2 oz.','Galliano',118,'2022-07-22 08:06:19','2022-07-22 08:06:19'),
 (371,'','1/2 oz.','White Crème de Cacao',118,'2022-07-22 08:06:19','2022-07-22 08:06:19'),
 (372,'','2 oz.','Cream',118,'2022-07-22 08:06:19','2022-07-22 08:06:19'),
 (373,'','1/2 oz.','Crème de Banana',119,'2022-07-22 08:06:19','2022-07-22 08:06:19'),
 (374,'','1/2 oz.','White Crème de Cacao',119,'2022-07-22 08:06:19','2022-07-22 08:06:19'),
 (375,'','2 oz.','Cream',119,'2022-07-22 08:06:19','2022-07-22 08:06:19'),
 (376,'','1/2 oz.','Green Crème de Menthe',120,'2022-07-22 08:06:19','2022-07-22 08:06:19'),
 (377,'','1/2 oz.','White Crème de Cacao',120,'2022-07-22 08:06:19','2022-07-22 08:06:19'),
 (378,'','2 oz.','Cream',120,'2022-07-22 08:06:19','2022-07-22 08:06:19'),
 (379,'','1/2 oz.','Sweet Vermouth',121,'2022-07-22 08:06:19','2022-07-22 08:06:19'),
 (380,'','2 1/2 oz.','Irish Whiskey',121,'2022-07-22 08:06:19','2022-07-22 08:06:19'),
 (381,'','1/2 oz.','Crème de Almond',122,'2022-07-22 08:06:19','2022-07-22 08:06:19'),
 (382,'','1/2 oz.','White Crème de Cacao',122,'2022-07-22 08:06:19','2022-07-22 08:06:19'),
 (383,'','2 oz.','Cream',122,'2022-07-22 08:06:19','2022-07-22 08:06:19'),
 (384,'','1/2 oz.','Brandy',123,'2022-07-22 08:06:19','2022-07-22 08:06:19'),
 (385,'','1/2 oz.','Dark Crème de Cacao',123,'2022-07-22 08:06:19','2022-07-22 08:06:19'),
 (386,'','2 oz.','Cream',123,'2022-07-22 08:06:19','2022-07-22 08:06:19'),
 (387,'','1 oz.','Scotch',124,'2022-07-22 08:06:19','2022-07-22 08:06:19'),
 (388,'','Fill with','Soda',124,'2022-07-22 08:06:19','2022-07-22 08:06:19'),
 (389,'','1 oz.','Whiskey',125,'2022-07-22 08:06:19','2022-07-22 08:06:19'),
 (390,'','Fill with','Ginger ale',125,'2022-07-22 08:06:19','2022-07-22 08:06:19'),
 (391,'','1 oz.','Light Rum',126,'2022-07-22 08:06:19','2022-07-22 08:06:19'),
 (392,'','Fill with','Coke',126,'2022-07-22 08:06:19','2022-07-22 08:06:19'),
 (393,'','1 oz.','Light Rum',127,'2022-07-22 08:06:19','2022-07-22 08:06:19'),
 (394,'','Fill with','Coke',127,'2022-07-22 08:06:19','2022-07-22 08:06:19'),
 (395,'','1 oz.','Gin',128,'2022-07-22 08:06:19','2022-07-22 08:06:19'),
 (396,'','Fill with','Tonic',128,'2022-07-22 08:06:19','2022-07-22 08:06:19'),
 (397,'','1 oz.','Segram''s 7-Crown',129,'2022-07-22 08:06:19','2022-07-22 08:06:19'),
 (398,'','Fill with','7-UP',129,'2022-07-22 08:06:19','2022-07-22 08:06:19'),
 (399,'','1 oz.','Any Liquor',130,'2022-07-22 08:06:19','2022-07-22 08:06:19'),
 (400,'','Fill 1/2','Soda',130,'2022-07-22 08:06:19','2022-07-22 08:06:19'),
 (401,'','Fill 1/2','Ginger Ale',130,'2022-07-22 08:06:19','2022-07-22 08:06:19'),
 (402,'','1 oz.','Whiskey',131,'2022-07-22 08:06:19','2022-07-22 08:06:19'),
 (403,'','Fill with','Water',131,'2022-07-22 08:06:19','2022-07-22 08:06:19'),
 (404,'','1/4 oz.','Dry Vermouth',132,'2022-07-22 08:06:19','2022-07-22 08:06:19'),
 (405,'','2 1/2 oz.','Gin or Vodka',132,'2022-07-22 08:06:19','2022-07-22 08:06:19'),
 (406,'','1/8 oz.','Dry Vermouth',133,'2022-07-22 08:06:19','2022-07-22 08:06:19'),
 (407,'','2 1/2 oz.','Gin or Vodka',133,'2022-07-22 08:06:19','2022-07-22 08:06:19'),
 (408,'','2 1/2 oz.','Gin or Vodka',134,'2022-07-22 08:06:19','2022-07-22 08:06:19'),
 (409,'','1/2 oz.','Rose''s Lime Juice',134,'2022-07-22 08:06:19','2022-07-22 08:06:19'),
 (410,'','1/2 oz.','Dry Vermouth',135,'2022-07-22 08:06:19','2022-07-22 08:06:19'),
 (411,'','2 1/2 oz.','Whiskey',135,'2022-07-22 08:06:19','2022-07-22 08:06:19'),
 (412,'','1/4 oz.','Dry Vermouth',136,'2022-07-22 08:06:19','2022-07-22 08:06:19'),
 (413,'','1/4 oz.','Sweet Vermouth',136,'2022-07-22 08:06:19','2022-07-22 08:06:19'),
 (414,'','2 1/2 oz.','Whiskey',136,'2022-07-22 08:06:19','2022-07-22 08:06:19'),
 (415,'','1/2 oz.','Sweet Vermouth',137,'2022-07-22 08:06:19','2022-07-22 08:06:19'),
 (416,'','2 1/2 oz.','Scotch',137,'2022-07-22 08:06:19','2022-07-22 08:06:19'),
 (417,'','1/2 oz.','Dry Vermouth',138,'2022-07-22 08:06:19','2022-07-22 08:06:19'),
 (418,'','2 1/2 oz.','Southern Comfort',138,'2022-07-22 08:06:19','2022-07-22 08:06:19'),
 (419,'','','Bitters',139,'2022-07-22 08:06:19','2022-07-22 08:06:19'),
 (420,'','','sugar',139,'2022-07-22 08:06:19','2022-07-22 08:06:19'),
 (421,'','','orange',139,'2022-07-22 08:06:19','2022-07-22 08:06:19'),
 (422,'','','cherry',139,'2022-07-22 08:06:19','2022-07-22 08:06:19'),
 (423,'','1 1/2 oz.','Whiskey',139,'2022-07-22 08:06:19','2022-07-22 08:06:19'),
 (424,'','','Ice',139,'2022-07-22 08:06:19','2022-07-22 08:06:19'),
 (425,'','Fill with','Soda',139,'2022-07-22 08:06:19','2022-07-22 08:06:19'),
 (426,'','1/2 oz.','Vodka',140,'2022-07-22 08:06:19','2022-07-22 08:06:19'),
 (427,'','1/2 oz.','Gin',140,'2022-07-22 08:06:19','2022-07-22 08:06:19'),
 (428,'','1/2 oz.','Light Rum',140,'2022-07-22 08:06:19','2022-07-22 08:06:19'),
 (429,'','1/2 oz.','Tequila',140,'2022-07-22 08:06:19','2022-07-22 08:06:19'),
 (430,'','1/2 oz.','Triple Sec',140,'2022-07-22 08:06:19','2022-07-22 08:06:19'),
 (431,'','2 oz.','Sweet & Sour',140,'2022-07-22 08:06:19','2022-07-22 08:06:19'),
 (432,'','Fill With','Cranberry Juice',140,'2022-07-22 08:06:19','2022-07-22 08:06:19'),
 (433,'','3/4 oz.','Gold Tequila',141,'2022-07-22 08:06:19','2022-07-22 08:06:19'),
 (434,'','1/4 oz.','Midori',141,'2022-07-22 08:06:19','2022-07-22 08:06:19'),
 (435,'','2 oz.','Sweet & Sour',141,'2022-07-22 08:06:19','2022-07-22 08:06:19'),
 (436,'','1 oz.','Brandy',142,'2022-07-22 08:06:19','2022-07-22 08:06:19'),
 (437,'','2 oz.','Sweet & Sour',142,'2022-07-22 08:06:19','2022-07-22 08:06:19'),
 (438,'','Fill With','Soda',142,'2022-07-22 08:06:19','2022-07-22 08:06:19'),
 (439,'','1 oz.','Any Liquor',143,'2022-07-22 08:06:19','2022-07-22 08:06:19'),
 (440,'','2 oz.','Sweet & Sour',143,'2022-07-22 08:06:19','2022-07-22 08:06:19'),
 (441,'Rim Glass with','','Salt',144,'2022-07-22 08:06:19','2022-07-22 08:06:19'),
 (442,'','1 oz.','Light Tequila',144,'2022-07-22 08:06:19','2022-07-22 08:06:19'),
 (443,'','1/2 oz.','Triple Sec',144,'2022-07-22 08:06:19','2022-07-22 08:06:19'),
 (444,'','1 1/2 oz.','Sweet & Sour',144,'2022-07-22 08:06:19','2022-07-22 08:06:19'),
 (445,'','1 oz.','Light Rum',145,'2022-07-22 08:06:19','2022-07-22 08:06:19'),
 (446,'','2 oz.','Sweet & Sour',145,'2022-07-22 08:06:19','2022-07-22 08:06:19'),
 (447,'','1/2 oz.','Vodka',146,'2022-07-22 08:06:19','2022-07-22 08:06:19'),
 (448,'','1/2 oz.','Gin',146,'2022-07-22 08:06:19','2022-07-22 08:06:19'),
 (449,'','1/2 oz.','Light Rum',146,'2022-07-22 08:06:19','2022-07-22 08:06:19'),
 (450,'','1/2 oz.','Light Tequila',146,'2022-07-22 08:06:19','2022-07-22 08:06:19'),
 (451,'','1/2 oz.','Blue Curacao',146,'2022-07-22 08:06:19','2022-07-22 08:06:19'),
 (452,'Fill with','','7-Up',146,'2022-07-22 08:06:19','2022-07-22 08:06:19'),
 (453,'','1/2 oz.','Vodka',147,'2022-07-22 08:06:19','2022-07-22 08:06:19'),
 (454,'','1/2 oz.','Gin',147,'2022-07-22 08:06:19','2022-07-22 08:06:19'),
 (455,'','1/2 oz.','Light Rum',147,'2022-07-22 08:06:19','2022-07-22 08:06:19'),
 (456,'','1/2 oz.','Light Tequila',147,'2022-07-22 08:06:19','2022-07-22 08:06:19'),
 (457,'','1/2 oz.','Triple Sec',147,'2022-07-22 08:06:19','2022-07-22 08:06:19'),
 (458,'','2 oz.','Sweet & Sour',147,'2022-07-22 08:06:19','2022-07-22 08:06:19'),
 (459,'Fill With','','7-Up',147,'2022-07-22 08:06:19','2022-07-22 08:06:19'),
 (460,'Rim Glass with','','Salt',148,'2022-07-22 08:06:19','2022-07-22 08:06:19'),
 (461,'','1 oz.','Light Tequila',148,'2022-07-22 08:06:19','2022-07-22 08:06:19'),
 (462,'','1/2 oz.','Midori',148,'2022-07-22 08:06:19','2022-07-22 08:06:19'),
 (463,'','1 1/2 oz.','Sweet & sour',148,'2022-07-22 08:06:19','2022-07-22 08:06:19'),
 (464,'','1/2 oz.','Vodka',149,'2022-07-22 08:06:19','2022-07-22 08:06:19'),
 (465,'','1/2 oz.','Gin',149,'2022-07-22 08:06:19','2022-07-22 08:06:19'),
 (466,'','1/2 oz.','light Rum',149,'2022-07-22 08:06:19','2022-07-22 08:06:19'),
 (467,'','1/2 oz.','Light Tequila',149,'2022-07-22 08:06:19','2022-07-22 08:06:19'),
 (468,'','1/2 oz','Triple Sec',149,'2022-07-22 08:06:19','2022-07-22 08:06:19'),
 (469,'','2 oz.','Sweet & Sour',149,'2022-07-22 08:06:19','2022-07-22 08:06:19'),
 (470,'Fill Glass with','','Cola',149,'2022-07-22 08:06:19','2022-07-22 08:06:19'),
 (471,'','1 oz.','Whiskey',150,'2022-07-22 08:06:19','2022-07-22 08:06:19'),
 (472,'','2 oz.','Sweet & Sour',150,'2022-07-22 08:06:19','2022-07-22 08:06:19'),
 (473,'Fill with','','Soda',150,'2022-07-22 08:06:19','2022-07-22 08:06:19'),
 (474,'','1 oz.','Gin',151,'2022-07-22 08:06:19','2022-07-22 08:06:19'),
 (475,'','2 oz.','Sweet & Sour',151,'2022-07-22 08:06:19','2022-07-22 08:06:19'),
 (476,'Fill with','','Soda',151,'2022-07-22 08:06:19','2022-07-22 08:06:19'),
 (477,'','1 oz.','Vodka',152,'2022-07-22 08:06:19','2022-07-22 08:06:19'),
 (478,'','2 oz.','Sweet & Sour',152,'2022-07-22 08:06:19','2022-07-22 08:06:19'),
 (479,'Fill with','','Soda',152,'2022-07-22 08:06:19','2022-07-22 08:06:19'),
 (480,'','1 1/2 oz.','Pisco Brandy',153,'2022-07-22 08:06:19','2022-07-22 08:06:19'),
 (481,'','1 1/2 oz.','Sweet & Sour',153,'2022-07-22 08:06:19','2022-07-22 08:06:19'),
 (482,'','1 oz.','Bacardi Light Rum',154,'2022-07-22 08:06:19','2022-07-22 08:06:19'),
 (483,'','1/2 oz.','Grenadine',154,'2022-07-22 08:06:19','2022-07-22 08:06:19'),
 (484,'','1 1/2 oz.','Sweet & Sour',154,'2022-07-22 08:06:19','2022-07-22 08:06:19'),
 (485,'','1 oz.','Sloe Gin',155,'2022-07-22 08:06:19','2022-07-22 08:06:19'),
 (486,'','2 oz.','Sweet & Sour',155,'2022-07-22 08:06:19','2022-07-22 08:06:19'),
 (487,'Fill with','','Soda',155,'2022-07-22 08:06:19','2022-07-22 08:06:19'),
 (488,'','1 oz.','Any Liquor',156,'2022-07-22 08:06:19','2022-07-22 08:06:19'),
 (489,'','1 oz.','Orange Juice',156,'2022-07-22 08:06:19','2022-07-22 08:06:19'),
 (490,'','1 oz.','Sweet & Sour',156,'2022-07-22 08:06:19','2022-07-22 08:06:19'),
 (491,'Rim Glass with','','Salt',157,'2022-07-22 08:06:19','2022-07-22 08:06:19'),
 (492,'','1 oz.','Light Tequila',157,'2022-07-22 08:06:19','2022-07-22 08:06:19'),
 (493,'','1/2 oz.','Blue Curacao',157,'2022-07-22 08:06:19','2022-07-22 08:06:19'),
 (494,'','1 1/2 oz.','Sweet & Sour',157,'2022-07-22 08:06:19','2022-07-22 08:06:19'),
 (495,'Fill Glass 1/2 with','','White Wine',158,'2022-07-22 08:06:19','2022-07-22 08:06:19'),
 (496,'Fill Glass','','Soda',158,'2022-07-22 08:06:19','2022-07-22 08:06:19'),
 (497,'Fill Glass 1/2 with','','White Wine',159,'2022-07-22 08:06:19','2022-07-22 08:06:19'),
 (498,'Fill With','','7-Up or Juice',159,'2022-07-22 08:06:19','2022-07-22 08:06:19'),
 (499,'','1/2 oz','Crème de Cassis',160,'2022-07-22 08:06:19','2022-07-22 08:06:19'),
 (500,'Fill with','','White Wine',160,'2022-07-22 08:06:19','2022-07-22 08:06:19'),
 (501,'Fill Glass','','Champagne',161,'2022-07-22 08:06:19','2022-07-22 08:06:19'),
 (502,'Top with','1/2 oz','Crème de Cassis',161,'2022-07-22 08:06:19','2022-07-22 08:06:19'),
 (503,'','1/2 glass','Orange Juice',162,'2022-07-22 08:06:19','2022-07-22 08:06:19'),
 (504,'','1/2 glass','Champagne',162,'2022-07-22 08:06:19','2022-07-22 08:06:19'),
 (505,'','1','Sugar Cube',163,'2022-07-22 08:06:19','2022-07-22 08:06:19'),
 (506,'','1-2 drops','Bitters',163,'2022-07-22 08:06:19','2022-07-22 08:06:19'),
 (507,'Fill with','','Champagne',163,'2022-07-22 08:06:19','2022-07-22 08:06:19'),
 (508,'','','',163,'2022-07-22 08:06:19','2022-07-22 08:06:19'),
 (509,'','1 oz.','Brandy',164,'2022-07-22 08:06:19','2022-07-22 08:06:19'),
 (510,'','1/2 oz','Blue Curacao',164,'2022-07-22 08:06:19','2022-07-22 08:06:19'),
 (511,'','1 dash','Bitters',164,'2022-07-22 08:06:19','2022-07-22 08:06:19'),
 (512,'Fill with','','Champagne',164,'2022-07-22 08:06:19','2022-07-22 08:06:19'),
 (513,'','1/2 oz','Frangelica',165,'2022-07-22 08:06:19','2022-07-22 08:06:19'),
 (514,'','1/2 oz','Irish Crème',165,'2022-07-22 08:06:19','2022-07-22 08:06:19'),
 (515,'Fill with','','Coffee',165,'2022-07-22 08:06:19','2022-07-22 08:06:19'),
 (516,'Top with','','Whipped Cream',165,'2022-07-22 08:06:19','2022-07-22 08:06:19'),
 (517,'','1/2 oz','Tequila',166,'2022-07-22 08:06:19','2022-07-22 08:06:19'),
 (518,'','1/2 oz','Kahlua',166,'2022-07-22 08:06:19','2022-07-22 08:06:19'),
 (519,'Fill with','','Coffee',166,'2022-07-22 08:06:19','2022-07-22 08:06:19'),
 (520,'Top with','','Whipped Cream',166,'2022-07-22 08:06:19','2022-07-22 08:06:19'),
 (521,'','1/2 oz.','Tia Maria',167,'2022-07-22 08:06:19','2022-07-22 08:06:19'),
 (522,'','1/2 oz.','Myers Rum',167,'2022-07-22 08:06:19','2022-07-22 08:06:19'),
 (523,'Fill with','','Coffee',167,'2022-07-22 08:06:19','2022-07-22 08:06:19'),
 (524,'Top with','','Whipped Cream',167,'2022-07-22 08:06:19','2022-07-22 08:06:19'),
 (525,'','2','Sugar Cubes',168,'2022-07-22 08:06:19','2022-07-22 08:06:19'),
 (526,'','1 oz.','Irish Whiskey',168,'2022-07-22 08:06:19','2022-07-22 08:06:19'),
 (527,'Fill with','','Coffee',168,'2022-07-22 08:06:19','2022-07-22 08:06:19'),
 (528,'Top with','','Whipped Cream',168,'2022-07-22 08:06:19','2022-07-22 08:06:19'),
 (529,'','1/2 oz','Brandy',169,'2022-07-22 08:06:19','2022-07-22 08:06:19'),
 (530,'','1/2 oz','Coffee Liqueur',169,'2022-07-22 08:06:19','2022-07-22 08:06:19'),
 (531,'Fill with','','Coffee',169,'2022-07-22 08:06:19','2022-07-22 08:06:19'),
 (532,'Top with','','Whipped Cream',169,'2022-07-22 08:06:19','2022-07-22 08:06:19'),
 (533,'','1/2 oz','Brandy',170,'2022-07-22 08:06:19','2022-07-22 08:06:19'),
 (534,'','1/2 oz','Kahlua',170,'2022-07-22 08:06:19','2022-07-22 08:06:19'),
 (535,'','1/2 oz','Dark Crème de Cacao',170,'2022-07-22 08:06:19','2022-07-22 08:06:19'),
 (536,'Fill with','','Coffee',170,'2022-07-22 08:06:19','2022-07-22 08:06:19'),
 (537,'Top with','','Whipped Cream',170,'2022-07-22 08:06:19','2022-07-22 08:06:19'),
 (538,'','1/2 oz','Peach Nector',171,'2022-07-22 08:06:19','2022-07-22 08:06:19'),
 (539,'Fill with','','Champagne',171,'2022-07-22 08:06:19','2022-07-22 08:06:19'),
 (540,'','1/2 oz','Blue Curacao',172,'2022-07-22 08:06:19','2022-07-22 08:06:19'),
 (541,'','1/2 oz','Sloe Gin',172,'2022-07-22 08:06:19','2022-07-22 08:06:19'),
 (542,'','1/2 oz','Amaretto',172,'2022-07-22 08:06:19','2022-07-22 08:06:19'),
 (543,'','1/2 oz','Midori',172,'2022-07-22 08:06:19','2022-07-22 08:06:19'),
 (544,'','1/2 oz','Vodka',172,'2022-07-22 08:06:19','2022-07-22 08:06:19'),
 (545,'','2 oz','Sweet & Sour',172,'2022-07-22 08:06:19','2022-07-22 08:06:19'),
 (546,'Fill with','','7-Up',172,'2022-07-22 08:06:19','2022-07-22 08:06:19'),
 (547,'','1 oz.','Gin',173,'2022-07-22 08:06:19','2022-07-22 08:06:19'),
 (548,'','2 oz.','Sweet & Sour',173,'2022-07-22 08:06:19','2022-07-22 08:06:19'),
 (549,'Fill with','','Champagne',173,'2022-07-22 08:06:19','2022-07-22 08:06:19'),
 (550,'','1 oz.','Citrus Vodka',174,'2022-07-22 08:06:19','2022-07-22 08:06:19'),
 (551,'','1 oz.','Gold Tequila',174,'2022-07-22 08:06:19','2022-07-22 08:06:19'),
 (552,'','1 oz.','Dark Rum',174,'2022-07-22 08:06:19','2022-07-22 08:06:19'),
 (553,'','2 oz.','Sweet & Sour',174,'2022-07-22 08:06:19','2022-07-22 08:06:19'),
 (554,'Fill with','','Coke',174,'2022-07-22 08:06:19','2022-07-22 08:06:19'),
 (555,'','1 1/4 Oz.','Vodka',175,'2022-07-22 08:06:19','2022-07-22 08:06:19'),
 (556,'','3/4 Oz.','Green Crème de Menthe',175,'2022-07-22 08:06:19','2022-07-22 08:06:19'),
 (557,'','1 1/4 oz.','Metaxa',176,'2022-07-22 08:06:19','2022-07-22 08:06:19'),
 (558,'','3/4 oz.','Galliano',176,'2022-07-22 08:06:19','2022-07-22 08:06:19'),
 (559,'','1 1/4 oz','Brandy',177,'2022-07-22 08:06:19','2022-07-22 08:06:19'),
 (560,'','3/4 oz','Kahlua',177,'2022-07-22 08:06:19','2022-07-22 08:06:19'),
 (561,'','1 1/4 oz.','Vodka',178,'2022-07-22 08:06:19','2022-07-22 08:06:19'),
 (562,'','3/4 oz.','Amaretto',178,'2022-07-22 08:06:19','2022-07-22 08:06:19'),
 (563,'','1 1/4 oz.','Brandy',179,'2022-07-22 08:06:19','2022-07-22 08:06:19'),
 (564,'','3/4 oz.','Kahlua',179,'2022-07-22 08:06:19','2022-07-22 08:06:19'),
 (565,'','1 1/4 oz.','Tequila',180,'2022-07-22 08:06:19','2022-07-22 08:06:19'),
 (566,'','3/4 oz.','Galliano',180,'2022-07-22 08:06:19','2022-07-22 08:06:19'),
 (567,'','1 1/4 oz.','Scotch',181,'2022-07-22 08:06:19','2022-07-22 08:06:19'),
 (568,'','3/4 oz.','Drambuie',181,'2022-07-22 08:06:19','2022-07-22 08:06:19'),
 (569,'','1 1/4 oz.','Light Tequila',182,'2022-07-22 08:06:19','2022-07-22 08:06:19'),
 (570,'','3/4 oz.','Kahlua',182,'2022-07-22 08:06:19','2022-07-22 08:06:19'),
 (571,'','1 1/4 oz.','Vodka',183,'2022-07-22 08:06:19','2022-07-22 08:06:19'),
 (572,'','3/4 oz.','White Crème de Menthe',183,'2022-07-22 08:06:19','2022-07-22 08:06:19'),
 (573,'','1 1/4 oz.','Tequila',184,'2022-07-22 08:06:19','2022-07-22 08:06:19'),
 (574,'','3/4 oz.','Tia Maria',184,'2022-07-22 08:06:19','2022-07-22 08:06:19'),
 (575,'','1 1/4 oz.','Light Tequila',185,'2022-07-22 08:06:19','2022-07-22 08:06:19'),
 (576,'','3/4 oz.','Kahlua',185,'2022-07-22 08:06:19','2022-07-22 08:06:19'),
 (577,'Float','','Cream',185,'2022-07-22 08:06:19','2022-07-22 08:06:19'),
 (578,'','1 1/4 oz.','Brandy',186,'2022-07-22 08:06:19','2022-07-22 08:06:19'),
 (579,'','3/4 oz.','White Crème de Menthe',186,'2022-07-22 08:06:19','2022-07-22 08:06:19'),
 (580,'','1 1/4 oz.','Whiskey',187,'2022-07-22 08:06:19','2022-07-22 08:06:19'),
 (581,'','3/4 oz.','Peppermint Schnapps',187,'2022-07-22 08:06:19','2022-07-22 08:06:19'),
 (582,'','1 1/4 oz.','Absolut Kurant',188,'2022-07-22 08:06:19','2022-07-22 08:06:19'),
 (583,'','3/4 oz.','White Crème de Menthe',188,'2022-07-22 08:06:19','2022-07-22 08:06:19'),
 (584,'','1 1/4 oz.','Vodka',189,'2022-07-22 08:06:19','2022-07-22 08:06:19'),
 (585,'','3/4 oz.','Midori',189,'2022-07-22 08:06:19','2022-07-22 08:06:19'),
 (586,'','1 1/4 oz.','Vodka',190,'2022-07-22 08:06:19','2022-07-22 08:06:19'),
 (587,'','3/4 oz.','Kahlua',190,'2022-07-22 08:06:19','2022-07-22 08:06:19'),
 (588,'Float','','Cream',190,'2022-07-22 08:06:19','2022-07-22 08:06:19'),
 (589,'','1 1/4 oz.','Vodka',191,'2022-07-22 08:06:19','2022-07-22 08:06:19'),
 (590,'','3/4 oz.','Kahlua',191,'2022-07-22 08:06:19','2022-07-22 08:06:19'),
 (591,'','1 1/4 oz.','Kahlua',192,'2022-07-22 08:06:19','2022-07-22 08:06:19'),
 (592,'','3/4 oz.','Cream',192,'2022-07-22 08:06:19','2022-07-22 08:06:19'),
 (593,'','1 1/4 oz.','Scotch',193,'2022-07-22 08:06:19','2022-07-22 08:06:19'),
 (594,'','3/4 oz.','Kahlua',193,'2022-07-22 08:06:19','2022-07-22 08:06:19'),
 (595,'Float','','Cream',193,'2022-07-22 08:06:19','2022-07-22 08:06:19'),
 (596,'','1 oz','Gin',194,'2022-07-22 08:06:19','2022-07-22 08:06:19'),
 (597,'','1/2 oz','Grenadine',194,'2022-07-22 08:06:19','2022-07-22 08:06:19'),
 (598,'','1 1/2 oz','Sweet & Sour',194,'2022-07-22 08:06:19','2022-07-22 08:06:19'),
 (599,'Fill with','','Soda',194,'2022-07-22 08:06:19','2022-07-22 08:06:19'),
 (600,'Top with','1/2 oz','Cherry Brandy',194,'2022-07-22 08:06:19','2022-07-22 08:06:19'),
 (601,'Rim Glass with','','Sugar',195,'2022-07-22 08:06:19','2022-07-22 08:06:19'),
 (602,'','1 oz.','Brandy',195,'2022-07-22 08:06:19','2022-07-22 08:06:19'),
 (603,'','1/2 oz.','Triple Sec',195,'2022-07-22 08:06:19','2022-07-22 08:06:19'),
 (604,'','1 1/2 oz.','Sweet & Sour',195,'2022-07-22 08:06:19','2022-07-22 08:06:19'),
 (605,'','1/2 oz','Light Rum',196,'2022-07-22 08:06:19','2022-07-22 08:06:19'),
 (606,'','1/2 oz','Brandy',196,'2022-07-22 08:06:19','2022-07-22 08:06:19'),
 (607,'','1/2 oz','Triple Sec',196,'2022-07-22 08:06:19','2022-07-22 08:06:19'),
 (608,'','1 1/2 oz','Sweet & sour',196,'2022-07-22 08:06:19','2022-07-22 08:06:19'),
 (609,'','1 1/2 oz','Jack Daniel''s',197,'2022-07-22 08:06:19','2022-07-22 08:06:19'),
 (610,'','1/2 oz','Triple Sec',197,'2022-07-22 08:06:19','2022-07-22 08:06:19'),
 (611,'','1 1/2 oz','Sweet & Sour',197,'2022-07-22 08:06:19','2022-07-22 08:06:19'),
 (612,'Fill with','','7-Up',197,'2022-07-22 08:06:19','2022-07-22 08:06:19'),
 (613,'','1/2 oz','Vodka',198,'2022-07-22 08:06:19','2022-07-22 08:06:19'),
 (614,'','1/2 oz','Gin',198,'2022-07-22 08:06:19','2022-07-22 08:06:19'),
 (615,'','1/2 oz','Rum',198,'2022-07-22 08:06:19','2022-07-22 08:06:19'),
 (616,'','1/2 oz','Tequila',198,'2022-07-22 08:06:19','2022-07-22 08:06:19'),
 (617,'','1/2 oz','Apple Pucker',198,'2022-07-22 08:06:19','2022-07-22 08:06:19'),
 (618,'','2 oz.','Sweet & Sour',198,'2022-07-22 08:06:19','2022-07-22 08:06:19'),
 (619,'Fill with','','7-up',198,'2022-07-22 08:06:19','2022-07-22 08:06:19'),
 (620,'','1 1/4 oz.','Brandy',199,'2022-07-22 08:06:19','2022-07-22 08:06:19'),
 (621,'','3/4 oz.','Grand Marnier',199,'2022-07-22 08:06:19','2022-07-22 08:06:19'),
 (622,'','1 1/4 oz.','Southern Comfort',200,'2022-07-22 08:06:19','2022-07-22 08:06:19'),
 (623,'','3/4 oz.','Amaretto',200,'2022-07-22 08:06:19','2022-07-22 08:06:19'),
 (624,'','1 1/4 oz','Scotch',201,'2022-07-22 08:06:19','2022-07-22 08:06:19'),
 (625,'','3/4 oz','Amaretto',201,'2022-07-22 08:06:19','2022-07-22 08:06:19');
INSERT INTO "methods" ("id","method","created_at","updated_at") VALUES (1,'Build','2022-07-22 08:06:17','2022-07-22 08:06:17'),
 (2,'Blend & Strain','2022-07-22 08:06:17','2022-07-22 08:06:17'),
 (3,'Chill','2022-07-22 08:06:17','2022-07-22 08:06:17'),
 (4,'Layer','2022-07-22 08:06:17','2022-07-22 08:06:17'),
 (5,'Shake & Strain','2022-07-22 08:06:17','2022-07-22 08:06:17');
CREATE UNIQUE INDEX IF NOT EXISTS "users_email_unique" ON "users" (
	"email"
);
CREATE INDEX IF NOT EXISTS "password_resets_email_index" ON "password_resets" (
	"email"
);
CREATE UNIQUE INDEX IF NOT EXISTS "failed_jobs_uuid_unique" ON "failed_jobs" (
	"uuid"
);
CREATE INDEX IF NOT EXISTS "personal_access_tokens_tokenable_type_tokenable_id_index" ON "personal_access_tokens" (
	"tokenable_type",
	"tokenable_id"
);
CREATE UNIQUE INDEX IF NOT EXISTS "personal_access_tokens_token_unique" ON "personal_access_tokens" (
	"token"
);
COMMIT;
